Format Version,1.23,Take Name,Take 2025-07-31 09.46.21 AM,Take Notes,,Capture Frame Rate,60.000000,Export Frame Rate,60.000000,Capture Start Time,2025-07-31 09.46.22.302 AM,Total Frames in Take,1181,Total Exported Frames,1181,Rotation Type,XYZ,Length Units,Meters,Coordinate Space,Global

,Type,Rigid Body,Rigid Body,Rigid Body,Rigid Body,Rigid Body,Rigid Body
,Name,Ball,Ball,Ball,Ball,Ball,Ball
,ID,"CF199A9F6DD111F05A805CBF6EB0E395","CF199A9F6DD111F05A805CBF6EB0E395","CF199A9F6DD111F05A805CBF6EB0E395","CF199A9F6DD111F05A805CBF6EB0E395","CF199A9F6DD111F05A805CBF6EB0E395","CF199A9F6DD111F05A805CBF6EB0E395"
,,Rotation,Rotation,Rotation,Position,Position,Position
Frame,Time (Seconds),X,Y,Z,X,Y,Z
0,0.000000,172.809769,1.449737,-172.251129,0.755280,1.030058,0.561038
1,0.016667,173.080963,0.608962,-172.846237,0.760327,1.031393,0.562205
2,0.033333,173.397202,0.170854,-171.199158,0.762715,1.031621,0.562497
3,0.050000,173.728470,-0.593921,-172.161224,0.769218,1.030655,0.563980
4,0.066667,173.608200,-0.800375,-172.476440,0.774011,1.031153,0.564573
5,0.083333,174.543365,-1.558578,-171.776093,0.778284,1.030581,0.564654
6,0.100000,174.368210,-1.755101,-171.963486,0.784088,1.029907,0.565892
7,0.116667,174.617477,-2.210785,-172.430832,0.789040,1.029504,0.565897
8,0.133333,174.092270,-2.690017,-172.820145,0.795574,1.028402,0.567613
9,0.150000,173.303329,-3.383730,-172.605576,0.800793,1.029118,0.569171
10,0.166667,173.853485,-3.418758,-172.720398,0.806349,1.027318,0.568712
11,0.183333,173.496918,-3.889786,-173.616653,0.813359,1.026972,0.569455
12,0.200000,173.929153,-4.411547,-172.703384,0.817523,1.026381,0.568621
13,0.216667,173.477844,-4.530292,-174.005020,0.825082,1.025232,0.569574
14,0.233333,173.884811,-5.478640,-174.225189,0.831132,1.024106,0.569923
15,0.250000,173.395660,-5.575860,-174.936615,0.837530,1.022994,0.570035
16,0.266667,173.871338,-5.937222,-175.071793,0.843756,1.021749,0.569792
17,0.283333,173.443100,-6.480941,-175.498550,0.850451,1.021029,0.570713
18,0.300000,172.898972,-6.632774,-176.309204,0.857443,1.019539,0.570546
19,0.316667,173.077530,-7.027845,-177.631042,0.864146,1.018729,0.569794
20,0.333333,173.294479,-7.165090,-177.835251,0.870924,1.017084,0.569406
21,0.350000,172.926712,-7.735803,-177.990845,0.876760,1.016357,0.569032
22,0.366667,172.403122,-7.791077,-178.884323,0.883336,1.014939,0.569153
23,0.383333,172.417145,-8.007666,-179.055222,0.889049,1.013915,0.568485
24,0.400000,172.695877,-8.295983,-178.049973,0.893600,1.012821,0.567922
25,0.416667,172.585526,-8.656147,-178.726974,0.900476,1.010842,0.566957
26,0.433333,173.127136,-9.034041,-178.987152,0.905598,1.009633,0.565387
27,0.450000,,,,,,
28,0.466667,172.650024,-9.608161,179.728180,0.917100,1.008689,0.564109
29,0.483333,172.889282,-9.771414,-179.381592,0.921243,1.007012,0.563173
30,0.500000,172.911102,-10.240895,179.416260,0.927626,1.005718,0.561077
31,0.516667,173.403488,-10.379454,-179.883926,0.931326,1.004419,0.559555
32,0.533333,172.343002,-10.636145,179.968704,0.936382,1.004101,0.559204
33,0.550000,172.674362,-10.795600,178.945480,0.941947,1.003219,0.557059
34,0.566667,172.270584,-10.842077,-179.733780,0.943805,1.003077,0.556541
35,0.583333,172.377396,-11.312643,179.234268,0.949425,1.001929,0.554336
36,0.600000,172.933624,-11.250172,179.762787,0.952413,1.001538,0.552554
37,0.616667,172.976776,-11.706246,179.389923,0.956256,1.000612,0.550626
38,0.633333,173.605560,-11.865815,179.999390,0.959049,0.999590,0.548394
39,0.650000,173.252991,-12.130710,179.879700,0.962628,0.999239,0.547210
40,0.666667,174.024643,-13.008636,179.641846,0.966110,0.998547,0.544450
41,0.683333,173.742081,-12.815293,-179.951752,0.968430,0.997715,0.542843
42,0.700000,173.750549,-12.573441,-179.030975,0.970655,0.997143,0.541572
43,0.716667,174.004761,-13.120213,179.903503,0.974350,0.996177,0.538655
44,0.733333,173.521057,-13.238440,-179.151978,0.975458,0.996757,0.537809
45,0.750000,174.540085,-13.563887,-178.538834,0.977482,0.996008,0.534706
46,0.766667,174.584274,-13.799353,-178.258972,0.980174,0.995598,0.532956
47,0.783333,174.936630,-13.683400,-178.003448,0.981786,0.995350,0.530277
48,0.800000,175.506165,-14.156269,-177.376831,0.983115,0.995443,0.528115
49,0.816667,175.690628,-14.461507,-177.990906,0.986642,0.995256,0.526213
50,0.833333,175.665787,-14.442577,-177.410629,0.988136,0.995795,0.524548
51,0.850000,175.213196,-14.419112,-177.669998,0.990082,0.995489,0.522726
52,0.866667,175.666992,-14.636090,-177.129776,0.992064,0.996001,0.520574
53,0.883333,175.050583,-14.730862,-178.022598,0.995229,0.996086,0.519166
54,0.900000,175.160782,-14.966867,-177.446762,0.995612,0.996380,0.517245
55,0.916667,175.051086,-15.063923,-177.106033,0.997760,0.996028,0.515572
56,0.933333,174.824036,-14.889987,-176.992737,0.999663,0.995666,0.513688
57,0.950000,174.742554,-15.199729,-177.527908,1.002249,0.995354,0.512263
58,0.966667,174.844116,-14.921490,-177.076111,1.003411,0.995590,0.510077
59,0.983333,174.796310,-15.006032,-178.078781,1.005955,0.995085,0.508267
60,1.000000,175.056946,-15.173872,-177.773499,1.007865,0.993684,0.506602
61,1.016667,174.992783,-14.923707,-178.308212,1.009560,0.993714,0.504296
62,1.033333,174.258698,-14.751542,-179.311798,1.011908,0.994118,0.502939
63,1.050000,174.954941,-14.759206,-179.237839,1.013693,0.993840,0.500335
64,1.066667,174.450531,-14.792573,-179.952652,1.015170,0.994884,0.499275
65,1.083333,174.788406,-14.736127,-179.885834,1.016774,0.994813,0.497128
66,1.100000,174.577530,-14.916037,-179.580627,1.017941,0.994268,0.495661
67,1.116667,174.722031,-14.717976,-178.918808,1.018431,0.993660,0.493827
68,1.133333,174.919373,-14.494770,-178.903366,1.018781,0.993049,0.491898
69,1.150000,175.043793,-14.868200,-178.808472,1.020054,0.992340,0.490067
70,1.166667,175.173813,-14.581652,-179.033920,1.021496,0.991733,0.488216
71,1.183333,174.606140,-14.642329,-179.069199,1.022394,0.990584,0.487653
72,1.200000,175.651367,-14.972465,-178.962738,1.023183,0.988916,0.484235
73,1.216667,175.107635,-14.537525,-179.464752,1.023818,0.988055,0.482954
74,1.233333,175.277908,-14.866293,-178.952621,1.023713,0.987431,0.481557
75,1.250000,174.707886,-14.674573,-179.527023,1.024708,0.986654,0.480357
76,1.266667,174.232925,-14.406580,-179.563049,1.024603,0.986354,0.479351
77,1.283333,173.775711,-13.923245,-178.650192,1.023671,0.985387,0.478339
78,1.300000,174.151794,-13.826892,-178.648987,1.024409,0.983955,0.475998
79,1.316667,174.363739,-14.287640,-177.836319,1.024156,0.983070,0.474990
80,1.333333,174.195023,-13.877064,-178.276215,1.023732,0.982953,0.473548
81,1.350000,174.262665,-13.839971,-177.987534,1.024096,0.981691,0.471838
82,1.366667,174.392715,-13.927612,-178.361847,1.024685,0.980423,0.470315
83,1.383333,175.153595,-13.619543,-178.440826,1.024342,0.979678,0.467397
84,1.400000,174.621140,-13.716890,-178.172287,1.023688,0.978980,0.466550
85,1.416667,174.565765,-13.888343,-177.342010,1.022203,0.977773,0.465038
86,1.433333,174.316772,-13.651214,-177.166107,1.021772,0.977028,0.463379
87,1.450000,174.638565,-13.764958,-176.710785,1.021312,0.975897,0.461362
88,1.466667,174.252686,-13.584912,-176.723007,1.021295,0.975498,0.460172
89,1.483333,174.773422,-13.493691,-175.718948,1.020045,0.975342,0.458233
90,1.500000,174.876801,-13.699007,-175.899567,1.020547,0.974911,0.456849
91,1.516667,174.749603,-13.526559,-175.720764,1.019650,0.974981,0.454994
92,1.533333,175.221680,-13.646939,-175.062653,1.019572,0.974138,0.452737
93,1.550000,174.955185,-13.219415,-175.554245,1.019490,0.974051,0.451235
94,1.566667,175.174881,-13.345392,-174.592712,1.018239,0.973565,0.449509
95,1.583333,175.133698,-13.413638,-176.166306,1.019847,0.973114,0.447688
96,1.600000,174.818832,-12.875541,-177.070160,1.020479,0.973053,0.445797
97,1.616667,174.563370,-12.838762,-177.364105,1.020749,0.972972,0.444131
98,1.633333,174.242096,-12.358344,-177.104507,1.020490,0.972755,0.443027
99,1.650000,174.901215,-12.645074,-176.823441,1.020070,0.971758,0.440012
100,1.666667,174.768661,-12.933836,-177.383820,1.021124,0.971070,0.438647
101,1.683333,175.234222,-12.596940,-175.520966,1.018575,0.970585,0.436516
102,1.700000,175.198700,-12.302251,-177.949966,1.021747,0.969339,0.434272
103,1.716667,175.893051,-12.551662,-177.928497,1.022156,0.968209,0.431843
104,1.733333,175.545990,-11.914918,-177.902115,1.021378,0.967362,0.430374
105,1.750000,176.366470,-12.347524,-178.505493,1.021042,0.965758,0.427690
106,1.766667,175.413864,-11.945049,-178.695557,1.020649,0.964731,0.427395
107,1.783333,175.562927,-11.843783,179.307770,1.021915,0.963044,0.424847
108,1.800000,174.961212,-11.776677,179.879501,1.020942,0.961837,0.423921
109,1.816667,175.634872,-11.774674,179.904755,1.020417,0.960493,0.421767
110,1.833333,175.782425,-11.800539,-179.905991,1.019868,0.958783,0.419452
111,1.850000,175.572098,-11.612560,-179.622513,1.019067,0.957737,0.418432
112,1.866667,175.581802,-11.800773,-178.541031,1.016874,0.956742,0.417152
113,1.883333,175.476486,-12.087200,-177.726700,1.014784,0.956277,0.416405
114,1.900000,175.733154,-12.042550,-177.808670,1.014680,0.955430,0.414418
115,1.916667,175.853119,-12.099199,-177.909866,1.012734,0.955094,0.412608
116,1.933333,175.035355,-12.126213,-177.841385,1.011595,0.955497,0.412405
117,1.950000,174.407959,-12.112514,-178.449539,1.010005,0.955964,0.411180
118,1.966667,175.460007,-12.028575,-177.869644,1.007396,0.955878,0.409218
119,1.983333,174.723358,-11.815888,-178.694031,1.007571,0.956255,0.408056
120,2.000000,175.615631,-12.396617,-177.151382,1.004154,0.957176,0.406046
121,2.016667,175.397232,-12.505557,-176.750595,1.002950,0.957193,0.405473
122,2.033333,175.102280,-12.427869,-176.958008,1.001546,0.957925,0.404254
123,2.050000,175.461395,-12.626609,-175.188980,0.998147,0.958649,0.402810
124,2.066667,174.874344,-12.939673,-175.555023,0.997335,0.959285,0.402112
125,2.083333,174.982452,-13.025457,-175.124207,0.994959,0.960086,0.400753
126,2.100000,175.164795,-13.031386,-175.608948,0.993977,0.960275,0.398803
127,2.116667,174.747940,-13.250414,-175.987030,0.993053,0.961159,0.397768
128,2.133333,174.839569,-12.960891,-176.139603,0.991505,0.962238,0.396231
129,2.150000,174.384079,-13.040627,-175.803436,0.989057,0.963403,0.395864
130,2.166667,174.241119,-13.234773,-175.398514,0.987013,0.964723,0.393924
131,2.183333,174.776413,-13.420043,-176.372330,0.987174,0.964137,0.391196
132,2.200000,174.472748,-14.172688,-175.050354,0.985576,0.965270,0.390370
133,2.216667,173.885529,-14.455802,-174.847519,0.984542,0.965959,0.389832
134,2.233333,174.197906,-14.787572,-173.949188,0.982267,0.966085,0.387598
135,2.250000,173.872330,-14.588487,-174.370483,0.981871,0.965957,0.386043
136,2.266667,173.959732,-14.853907,-174.366150,0.980660,0.965871,0.384078
137,2.283333,174.385208,-14.894357,-174.841675,0.979834,0.965282,0.381413
138,2.300000,174.448975,-15.183070,-174.009781,0.978021,0.965864,0.379746
139,2.316667,174.197678,-15.184906,-175.371109,0.978297,0.965414,0.377760
140,2.333333,173.765488,-15.547562,-176.256256,0.977961,0.965335,0.375822
141,2.350000,174.446320,-15.697886,-177.206100,0.978678,0.964090,0.372690
142,2.366667,174.749786,-16.008234,-176.362045,0.977235,0.963759,0.370243
143,2.383333,173.735916,-15.970651,-177.000397,0.977600,0.964691,0.369196
144,2.400000,174.347153,-16.714762,-175.635895,0.975884,0.964261,0.366659
145,2.416667,174.323639,-16.934763,-175.066940,0.974709,0.964683,0.364321
146,2.433333,174.498978,-17.456656,-175.470169,0.974758,0.963511,0.361700
147,2.450000,174.935242,-17.481710,-175.073364,0.973612,0.963806,0.358897
148,2.466667,173.921173,-17.942553,-176.547058,0.974875,0.962583,0.357095
149,2.483333,174.971741,-17.980377,-175.739639,0.972999,0.961495,0.352957
150,2.500000,174.066620,-18.474514,-177.932495,0.975130,0.960551,0.351017
151,2.516667,174.026596,-18.514549,-177.981857,0.974827,0.960367,0.348668
152,2.533333,173.984299,-18.960875,-178.364899,0.974610,0.960443,0.345774
153,2.550000,173.966705,-19.324289,-178.836060,0.974846,0.959952,0.342694
154,2.566667,174.239273,-19.625656,-178.046539,0.973290,0.960286,0.340107
155,2.583333,174.332214,-20.195618,-177.827911,0.973105,0.959127,0.337413
156,2.600000,174.416840,-20.634048,-176.819244,0.971606,0.958769,0.334588
157,2.616667,173.720291,-20.640011,-177.728531,0.972266,0.957855,0.332275
158,2.633333,174.028885,-21.187138,-177.568436,0.971692,0.956827,0.329137
159,2.650000,175.054001,-21.764194,-176.772873,0.969593,0.954911,0.325195
160,2.666667,173.900085,-22.089346,-178.647324,0.971427,0.954224,0.323037
161,2.683333,173.749741,-22.434361,-179.588440,0.971520,0.953819,0.320124
162,2.700000,173.840454,-23.039028,-179.344177,0.970440,0.952829,0.317262
163,2.716667,174.163803,-23.590221,-179.453171,0.969588,0.951706,0.314047
164,2.733333,174.506287,-24.256836,-179.723938,0.969421,0.950368,0.310372
165,2.750000,174.763229,-24.635290,-178.964859,0.967696,0.949650,0.307692
166,2.766667,174.232040,-25.066217,-178.657181,0.967045,0.948251,0.305263
167,2.783333,174.450653,-25.849148,-178.208893,0.966012,0.947042,0.302390
168,2.800000,174.581009,-26.140165,-177.456314,0.964407,0.945857,0.299539
169,2.816667,175.267105,-26.876772,-176.783783,0.962887,0.944467,0.296177
170,2.833333,174.937485,-27.276657,-177.441406,0.962860,0.943461,0.293285
171,2.850000,174.689911,-27.979689,-177.614471,0.961909,0.941898,0.290810
172,2.866667,175.334869,-28.242233,-177.627335,0.961098,0.940440,0.287181
173,2.883333,174.895386,-28.969278,-179.069382,0.961048,0.940737,0.284407
174,2.900000,175.289352,-29.404972,-179.119492,0.960274,0.939405,0.281325
175,2.916667,175.654282,-29.865313,-179.028229,0.959617,0.938470,0.278276
176,2.933333,176.712372,-30.941010,-178.073898,0.957787,0.938250,0.275082
177,2.950000,176.654755,-31.403728,-178.536285,0.957190,0.938358,0.272375
178,2.966667,176.523911,-32.166386,-178.066315,0.956279,0.938269,0.270633
179,2.983333,177.027847,-32.658550,-177.457092,0.954576,0.938220,0.268219
180,3.000000,177.508636,-33.108818,-177.975555,0.954310,0.937623,0.264863
181,3.016667,177.379990,-33.689686,-178.239380,0.953392,0.938145,0.263318
182,3.033333,177.314087,-34.397911,-178.483658,0.952614,0.938060,0.261183
183,3.050000,177.171036,-35.065388,-179.380417,0.952051,0.937794,0.258952
184,3.066667,177.006729,-35.713684,-179.652634,0.951850,0.937927,0.257247
185,3.083333,176.857788,-36.099266,-179.112427,0.950432,0.938525,0.256456
186,3.100000,177.120804,-37.192020,-179.041855,0.949807,0.938181,0.254853
187,3.116667,177.064697,-37.827950,-179.082993,0.948690,0.938277,0.253885
188,3.133333,177.098969,-38.796036,-178.542343,0.947658,0.937951,0.252889
189,3.150000,177.027161,-39.360619,-178.256561,0.946833,0.937363,0.251971
190,3.166667,176.715942,-40.041645,-178.038712,0.946046,0.936986,0.251505
191,3.183333,176.883575,-40.977329,-178.279694,0.945082,0.937047,0.250142
192,3.200000,175.999481,-41.545357,-179.148926,0.944777,0.936988,0.249663
193,3.216667,175.874146,-42.005703,-179.399841,0.944431,0.936680,0.249155
194,3.233333,175.244141,-42.617805,179.915466,0.944085,0.936821,0.248996
195,3.250000,174.448990,-43.266304,179.544693,0.943164,0.936830,0.249566
196,3.266667,174.663345,-44.497421,179.161636,0.942080,0.936406,0.248455
197,3.283333,174.312515,-44.735363,179.011581,0.942238,0.936281,0.248450
198,3.300000,174.214584,-45.894840,179.574463,0.940873,0.936492,0.248683
199,3.316667,174.099930,-46.721870,179.547485,0.940082,0.936703,0.248497
200,3.333333,173.603241,-47.425671,179.317566,0.939672,0.936418,0.248664
201,3.350000,172.960526,-48.285427,178.982742,0.939669,0.936099,0.248705
202,3.366667,172.367935,-49.000740,178.854752,0.938777,0.935857,0.249104
203,3.383333,171.947876,-49.979282,178.268356,0.938405,0.935770,0.249304
204,3.400000,171.542831,-50.709946,177.711395,0.937316,0.935663,0.249202
205,3.416667,170.983505,-51.355556,177.132782,0.936954,0.935131,0.249232
206,3.433333,170.676163,-52.007763,176.435867,0.936316,0.934660,0.249085
207,3.450000,169.992096,-52.814697,175.902100,0.935681,0.934266,0.249297
208,3.466667,169.676773,-53.545818,175.541199,0.935060,0.934110,0.249289
209,3.483333,169.484009,-54.383129,175.483292,0.934013,0.933918,0.248781
210,3.500000,169.465775,-55.354759,175.984802,0.932386,0.933827,0.249617
211,3.516667,169.319962,-56.366203,175.980240,0.931586,0.933255,0.248942
212,3.533333,169.301605,-57.251179,175.794617,0.930487,0.933165,0.248566
213,3.550000,169.161682,-58.147655,175.459900,0.929608,0.933344,0.248157
214,3.566667,168.780807,-58.801582,175.439728,0.927699,0.934013,0.248247
215,3.583333,168.284256,-59.669006,174.723999,0.926663,0.933802,0.247719
216,3.600000,167.500519,-60.428741,173.644821,0.925707,0.933519,0.247391
217,3.616667,167.472336,-61.184380,173.261887,0.924304,0.933645,0.246880
218,3.633333,166.869476,-62.134060,172.147934,0.923099,0.934024,0.246204
219,3.650000,166.686737,-63.086369,171.801559,0.922056,0.935036,0.245827
220,3.666667,166.783401,-63.933746,171.363907,0.920720,0.935526,0.245108
221,3.683333,167.270889,-65.344757,171.888031,0.918139,0.936755,0.244625
222,3.700000,167.840637,-65.891930,172.167480,0.916546,0.937342,0.243766
223,3.716667,166.788010,-66.735809,172.191162,0.914014,0.938709,0.244468
224,3.733333,166.488358,-67.739410,172.151276,0.912591,0.939126,0.244127
225,3.750000,166.054779,-68.821396,171.839249,0.911145,0.939350,0.243726
226,3.766667,164.415741,-69.610603,170.816238,0.909378,0.939683,0.244084
227,3.783333,164.260101,-70.490143,170.599228,0.906931,0.939590,0.243712
228,3.800000,163.317612,-71.195091,169.310669,0.905547,0.939160,0.242866
229,3.816667,163.484390,-72.127907,169.129089,0.903498,0.938494,0.242063
230,3.833333,163.550186,-73.369637,168.972626,0.901195,0.937990,0.241480
231,3.850000,162.169266,-74.377106,167.159378,0.899992,0.937675,0.241013
232,3.866667,162.022507,-74.936447,167.534805,0.897692,0.937665,0.240690
233,3.883333,160.537292,-75.925079,166.022415,0.896041,0.937644,0.240018
234,3.900000,158.446289,-76.934753,164.220245,0.894304,0.937468,0.239744
235,3.916667,159.458572,-77.828667,166.153656,0.890700,0.937666,0.239887
236,3.933333,157.311844,-78.822449,164.360840,0.889444,0.937030,0.239343
237,3.950000,151.298294,-79.380058,158.495605,0.888504,0.936582,0.239138
238,3.966667,151.877213,-80.136383,159.083206,0.886147,0.935646,0.238417
239,3.983333,146.270081,-80.930794,152.669617,0.884523,0.934780,0.236719
240,4.000000,143.800766,-81.405052,149.833832,0.882656,0.933955,0.235678
241,4.016667,139.432556,-82.369415,144.985977,0.881165,0.932990,0.234859
242,4.033333,140.490906,-83.198334,145.990875,0.878021,0.932075,0.233648
243,4.050000,135.121536,-83.921928,140.683685,0.876799,0.931386,0.232795
244,4.066667,124.509842,-84.543259,130.133057,0.874910,0.930735,0.232169
245,4.083333,120.757843,-85.335732,126.491386,0.872589,0.930380,0.230716
246,4.100000,110.018860,-85.863907,116.679916,0.870058,0.930742,0.230837
247,4.116667,91.307693,-85.768112,98.222862,0.869044,0.930299,0.229042
248,4.133333,80.056313,-85.965843,86.569954,0.867013,0.929485,0.227239
249,4.150000,71.479141,-85.685547,77.945717,0.864912,0.929062,0.225606
250,4.166667,58.709740,-84.777023,64.863617,0.863791,0.929220,0.224131
251,4.183333,51.682198,-84.403297,57.561207,0.861953,0.928892,0.222599
252,4.200000,45.922253,-84.022430,50.919884,0.860217,0.928854,0.220045
253,4.216667,38.913639,-83.316803,44.283138,0.857972,0.928450,0.219757
254,4.233333,36.309986,-82.805779,40.571373,0.856588,0.928443,0.217063
255,4.250000,30.092188,-81.973717,34.364208,0.854829,0.928002,0.215368
256,4.266667,28.456656,-81.143280,32.321770,0.852856,0.928158,0.213307
257,4.283333,24.154953,-80.493874,28.180552,0.851124,0.928227,0.211326
258,4.300000,20.946955,-79.434013,25.719383,0.849647,0.928447,0.210784
259,4.316667,19.174795,-78.697342,24.315365,0.847657,0.928931,0.209381
260,4.333333,18.231415,-77.750793,23.250338,0.846089,0.929559,0.207137
261,4.350000,16.837196,-76.810905,21.884174,0.844667,0.929264,0.205177
262,4.366667,16.025921,-75.862335,20.694330,0.843465,0.928843,0.203004
263,4.383333,15.130954,-75.018997,19.327974,0.841744,0.928427,0.201201
264,4.400000,14.328313,-74.195076,18.571602,0.840239,0.927989,0.199907
265,4.416667,13.968246,-73.544624,17.833113,0.838448,0.928086,0.197859
266,4.433333,13.640862,-72.767822,17.032421,0.837203,0.927630,0.195770
267,4.450000,13.367706,-71.784851,16.048439,0.835732,0.927264,0.192855
268,4.466667,12.187765,-70.736130,15.292391,0.834589,0.927387,0.191463
269,4.483333,11.160892,-70.068291,14.294419,0.832999,0.927712,0.189535
270,4.500000,10.912812,-69.192894,14.917455,0.831873,0.928027,0.188769
271,4.516667,11.825801,-68.156433,15.068420,0.831071,0.928218,0.186014
272,4.533333,10.509074,-67.486206,13.892678,0.829313,0.928359,0.184855
273,4.550000,11.836066,-66.225800,14.989260,0.828635,0.929080,0.182418
274,4.566667,11.339604,-65.621025,14.257167,0.827171,0.928755,0.181109
275,4.583333,12.169366,-64.468803,14.821056,0.826739,0.929518,0.179205
276,4.600000,11.837377,-63.445717,13.928462,0.825561,0.929409,0.176836
277,4.616667,11.277617,-62.668030,12.605156,0.823719,0.929607,0.174348
278,4.633333,10.744110,-61.832973,12.361176,0.822641,0.929914,0.173393
279,4.650000,10.525346,-61.095997,12.009116,0.821516,0.929817,0.171683
280,4.666667,10.542288,-60.155449,12.106149,0.820227,0.929967,0.170082
281,4.683333,10.540569,-59.319748,12.121030,0.819171,0.930062,0.168578
282,4.700000,10.023901,-58.464390,12.209335,0.818204,0.930723,0.167775
283,4.716667,9.808718,-57.220684,13.223871,0.817884,0.931905,0.167587
284,4.733333,9.796171,-56.602337,12.656024,0.816385,0.931913,0.165766
285,4.750000,9.752610,-55.393269,13.097509,0.815972,0.931907,0.164970
286,4.766667,9.909208,-54.723476,12.824109,0.814703,0.931956,0.163190
287,4.783333,9.096150,-53.786591,11.389051,0.812736,0.931198,0.161414
288,4.800000,9.618119,-53.335953,11.794589,0.811822,0.931859,0.160589
289,4.816667,9.358025,-52.091583,11.296991,0.810283,0.932149,0.158617
290,4.833333,8.488166,-51.517124,10.968171,0.809166,0.932830,0.158368
291,4.850000,8.271454,-50.689617,10.691247,0.808071,0.933791,0.157249
292,4.866667,8.093513,-49.737621,9.817927,0.805851,0.934895,0.155650
293,4.883333,8.052338,-49.177067,9.098640,0.804193,0.936503,0.153878
294,4.900000,8.352440,-48.280289,8.979288,0.803015,0.938133,0.152513
295,4.916667,8.460227,-47.394909,10.152763,0.802636,0.940290,0.153095
296,4.933333,7.832895,-46.850044,9.296577,0.800693,0.942098,0.152317
297,4.950000,7.589432,-45.740044,9.151731,0.799586,0.942978,0.151763
298,4.966667,7.682075,-45.112057,8.411016,0.797667,0.943472,0.150231
299,4.983333,8.185766,-44.282902,8.004674,0.795995,0.944842,0.148534
300,5.000000,7.968405,-43.421329,8.309093,0.794956,0.946502,0.148436
301,5.016667,6.966043,-42.709965,7.894721,0.793586,0.947212,0.149187
302,5.033333,7.573760,-41.865543,8.352775,0.792508,0.947758,0.148515
303,5.050000,7.924053,-41.018673,8.661156,0.791592,0.948850,0.147826
304,5.066667,7.734771,-40.196621,8.326426,0.789887,0.949186,0.147561
305,5.083333,7.066137,-39.698315,8.157113,0.788399,0.949830,0.148252
306,5.100000,7.803124,-38.997612,8.650279,0.787453,0.950674,0.147359
307,5.116667,7.528456,-37.885876,9.536104,0.786968,0.951370,0.148404
308,5.133333,7.045214,-37.126762,9.155281,0.785133,0.951520,0.148725
309,5.150000,7.370052,-36.367550,9.101177,0.783918,0.951739,0.148492
310,5.166667,7.665319,-35.860630,7.781321,0.781238,0.951548,0.146951
311,5.183333,7.597205,-34.939819,8.285200,0.780369,0.951030,0.147912
312,5.200000,7.242216,-34.364796,7.684710,0.778389,0.951361,0.148266
313,5.216667,7.286603,-33.485542,7.860197,0.777006,0.951466,0.148699
314,5.233333,6.841912,-32.572021,7.983427,0.776004,0.950891,0.149807
315,5.250000,6.103120,-31.874290,8.006901,0.774621,0.950995,0.151530
316,5.266667,6.185886,-31.368164,7.267481,0.772296,0.949788,0.150804
317,5.283333,5.591228,-30.506153,6.821555,0.769736,0.948813,0.151033
318,5.300000,5.208911,-29.736698,7.644005,0.769368,0.948341,0.152655
319,5.316667,6.326431,-29.061810,6.503857,0.766683,0.946795,0.151030
320,5.333333,5.831996,-28.268942,6.185741,0.765075,0.946068,0.151793
321,5.350000,5.288864,-27.699963,6.158818,0.763033,0.946440,0.153090
322,5.366667,5.063919,-26.910528,6.194604,0.762047,0.945655,0.154380
323,5.383333,4.835902,-26.712467,5.948055,0.760509,0.945537,0.155531
324,5.400000,5.053264,-25.853283,5.065870,0.757889,0.945497,0.155390
325,5.416667,5.329202,-24.988195,5.951234,0.757731,0.945662,0.156304
326,5.433333,5.499629,-24.329472,6.059527,0.756755,0.946097,0.156720
327,5.450000,5.013121,-23.586306,5.546978,0.754466,0.947519,0.157882
328,5.466667,4.899212,-23.189224,5.689465,0.753427,0.948244,0.158787
329,5.483333,4.447479,-22.482012,4.593843,0.750622,0.949279,0.159856
330,5.500000,4.823032,-21.744669,4.380603,0.749166,0.950466,0.159879
331,5.516667,4.281420,-21.068314,5.101037,0.749142,0.950199,0.162123
332,5.533333,4.145596,-20.334705,4.753277,0.747512,0.950710,0.162520
333,5.550000,4.125781,-19.679539,4.734451,0.746856,0.950853,0.163632
334,5.566667,4.570628,-19.062731,4.810348,0.746547,0.950860,0.164069
335,5.583333,4.675794,-18.512474,5.375899,0.746737,0.950829,0.165050
336,5.600000,4.854062,-17.598463,3.771035,0.743288,0.950538,0.165031
337,5.616667,4.769909,-17.014626,4.110882,0.743015,0.950480,0.166278
338,5.633333,4.717792,-16.591278,4.738093,0.742989,0.950003,0.167500
339,5.650000,4.739888,-16.004656,4.292479,0.741611,0.948878,0.169306
340,5.666667,4.838957,-15.439783,4.143178,0.740900,0.948678,0.169766
341,5.683333,4.324659,-14.814585,4.590364,0.740304,0.948556,0.171362
342,5.700000,4.509531,-14.264573,5.122489,0.740697,0.947885,0.172485
343,5.716667,5.163650,-13.271093,5.044354,0.740321,0.946835,0.172982
344,5.733333,4.455768,-12.913814,4.488744,0.738921,0.945808,0.174769
345,5.750000,4.943552,-12.050810,3.903737,0.738210,0.945563,0.174980
346,5.766667,4.861934,-11.698689,4.116845,0.738321,0.945282,0.176312
347,5.783333,4.909782,-10.993600,4.291152,0.738041,0.945252,0.177535
348,5.800000,4.665515,-10.306774,4.547894,0.738164,0.944878,0.179219
349,5.816667,4.681602,-9.679722,4.865392,0.737486,0.945157,0.180080
350,5.833333,4.303858,-9.185775,5.291689,0.737751,0.944552,0.181855
351,5.850000,3.809631,-8.753972,6.241532,0.738626,0.944297,0.184100
352,5.866667,4.171499,-7.883860,5.879513,0.737619,0.944263,0.184720
353,5.883333,4.146889,-7.594190,5.571311,0.736509,0.944628,0.185875
354,5.900000,3.970047,-6.752229,5.868545,0.736489,0.945174,0.187586
355,5.916667,4.508111,-6.454583,5.564119,0.735750,0.945579,0.188204
356,5.933333,4.542243,-5.878340,5.552041,0.735299,0.945423,0.189365
357,5.950000,4.516878,-5.247118,5.515681,0.734777,0.945663,0.190463
358,5.966667,4.353277,-4.730633,5.130974,0.733436,0.945320,0.191832
359,5.983333,4.411250,-4.235433,4.500307,0.732395,0.945295,0.192962
360,6.000000,3.876473,-3.718798,6.336263,0.734076,0.945859,0.195125
361,6.016667,3.858635,-3.200609,5.853914,0.732348,0.946472,0.196307
362,6.033333,3.974906,-2.802773,6.150214,0.731726,0.946484,0.197167
363,6.050000,3.957145,-2.199713,5.700500,0.730507,0.946150,0.198534
364,6.066667,4.315854,-1.830774,5.290241,0.729165,0.946017,0.199422
365,6.083333,4.883054,-1.061931,5.141422,0.728330,0.945393,0.200038
366,6.100000,4.957714,-0.739613,4.397329,0.726624,0.945159,0.201068
367,6.116667,5.330744,-0.292481,5.119699,0.727012,0.944399,0.202139
368,6.133333,5.144431,0.013231,4.429876,0.724984,0.943982,0.203957
369,6.150000,4.963630,0.550958,4.813607,0.724450,0.943528,0.205397
370,6.166667,5.018109,0.828527,4.487590,0.722949,0.943472,0.206801
371,6.183333,5.419987,1.084193,4.399481,0.721678,0.942646,0.208119
372,6.200000,5.060995,1.774925,4.855220,0.720714,0.943068,0.209762
373,6.216667,5.076775,2.287844,4.668495,0.719163,0.942868,0.211329
374,6.233333,5.316585,2.697253,4.474727,0.718010,0.942329,0.212285
375,6.250000,4.777808,2.893784,5.017813,0.717284,0.942241,0.214586
376,6.266667,4.832787,3.366477,4.964353,0.715412,0.942549,0.215999
377,6.283333,4.837325,4.006228,5.079580,0.714546,0.941199,0.217691
378,6.300000,5.040564,4.260896,4.724926,0.712742,0.940776,0.219205
379,6.316667,4.764697,4.792334,5.323258,0.712513,0.939869,0.221084
380,6.333333,4.678101,5.196212,5.333701,0.710778,0.939416,0.222718
381,6.350000,4.720348,5.638076,5.177688,0.708874,0.939430,0.224589
382,6.366667,4.627397,5.897922,5.384636,0.706950,0.939668,0.226435
383,6.383333,3.886698,6.019120,5.463749,0.705065,0.939283,0.228930
384,6.400000,4.380618,6.533545,5.723837,0.703634,0.939992,0.229571
385,6.416667,4.166952,6.913090,5.663308,0.701756,0.940442,0.232152
386,6.433333,3.791236,7.588138,6.360320,0.700634,0.942215,0.233498
387,6.450000,4.231054,7.635752,5.770950,0.697888,0.942491,0.235257
388,6.466667,3.571012,7.818121,5.629807,0.695840,0.942984,0.237796
389,6.483333,4.049173,8.291269,4.624877,0.691940,0.943973,0.239146
390,6.500000,3.023792,8.305254,5.596513,0.691265,0.945183,0.241745
391,6.516667,3.509766,8.767311,4.937906,0.688221,0.945457,0.243122
392,6.533333,3.683946,8.933989,4.275340,0.684853,0.945977,0.244289
393,6.550000,3.820384,9.513443,4.053500,0.681921,0.946198,0.245886
394,6.566667,3.781550,9.388087,4.575997,0.680427,0.945350,0.247881
395,6.583333,4.166703,9.770635,3.683676,0.676655,0.945257,0.249284
396,6.600000,4.326608,10.136053,4.365518,0.675260,0.944130,0.250732
397,6.616667,4.711171,10.288052,3.228414,0.671010,0.943967,0.252389
398,6.633333,4.783523,10.102242,2.265771,0.667327,0.943976,0.254373
399,6.650000,5.121019,10.961658,2.903991,0.666475,0.943093,0.255213
400,6.666667,5.358028,11.214313,1.433061,0.662023,0.943182,0.256897
401,6.683333,5.037627,11.332323,1.482359,0.659763,0.942771,0.258849
402,6.700000,4.683108,11.572208,1.661680,0.657576,0.941834,0.260866
403,6.716667,4.379807,11.862805,1.531535,0.654970,0.941580,0.262810
404,6.733333,3.944134,12.210173,1.843596,0.652764,0.940507,0.265110
405,6.750000,4.196409,12.747247,2.481144,0.651697,0.939095,0.266018
406,6.766667,3.928097,13.118175,1.866030,0.648535,0.938558,0.267743
407,6.783333,4.447870,13.214365,1.127962,0.644979,0.938290,0.269237
408,6.800000,4.911343,13.518201,1.052682,0.643486,0.938449,0.270281
409,6.816667,4.812416,13.653996,0.867390,0.641895,0.937086,0.272167
410,6.833333,4.788255,14.014617,0.736401,0.640102,0.937163,0.273788
411,6.850000,4.683017,14.217838,0.679391,0.638257,0.937565,0.275400
412,6.866667,4.668982,14.441361,0.687375,0.636776,0.937775,0.276912
413,6.883333,4.383324,14.826029,0.056028,0.633956,0.937690,0.279065
414,6.900000,4.158377,15.466234,0.212961,0.632798,0.937842,0.280455
415,6.916667,4.268324,15.754461,1.251453,0.632930,0.937235,0.281091
416,6.933333,3.596203,16.121033,1.838161,0.631671,0.936794,0.283444
417,6.950000,3.563556,16.137793,1.832908,0.629975,0.936334,0.284795
418,6.966667,3.873522,16.712402,2.623579,0.630089,0.935406,0.285194
419,6.983333,3.876981,16.846901,3.479252,0.629915,0.934581,0.286339
420,7.000000,4.092443,16.962454,2.210438,0.627453,0.934701,0.287726
421,7.016667,4.469667,17.329102,1.997248,0.625982,0.935287,0.289000
422,7.033333,5.354689,17.797443,1.517063,0.624227,0.935710,0.289192
423,7.050000,5.329694,17.948515,2.617289,0.625335,0.935963,0.289812
424,7.066667,5.123091,18.282257,2.466788,0.623803,0.936229,0.291375
425,7.083333,5.029810,18.466471,2.754115,0.622680,0.936615,0.292762
426,7.100000,5.269241,18.754850,1.963567,0.620647,0.936380,0.294015
427,7.116667,5.140684,18.829517,1.744896,0.619727,0.936393,0.295503
428,7.133333,4.750251,19.233057,2.035609,0.619255,0.936585,0.297022
429,7.150000,5.071854,19.624432,2.661724,0.619671,0.936734,0.297543
430,7.166667,5.448360,19.668179,2.244654,0.618485,0.937160,0.298572
431,7.183333,5.490365,19.479548,2.418100,0.618566,0.937681,0.300392
432,7.200000,6.275712,19.907763,1.033381,0.615854,0.937960,0.301205
433,7.216667,6.049110,19.742079,1.267820,0.615325,0.938237,0.302422
434,7.233333,6.239317,20.592039,1.372607,0.614894,0.938701,0.303851
435,7.250000,6.277516,20.887926,1.165391,0.613935,0.938776,0.305184
436,7.266667,5.938920,21.092442,2.527090,0.615041,0.938467,0.306433
437,7.283333,5.962449,21.640320,2.520433,0.614147,0.939543,0.307583
438,7.300000,5.635632,21.688824,2.283206,0.613241,0.940056,0.310020
439,7.316667,5.738023,22.001816,1.598171,0.612058,0.940547,0.311966
440,7.333333,5.974854,22.021456,1.475005,0.612118,0.940302,0.313267
441,7.350000,6.503997,22.078613,1.009150,0.611507,0.940751,0.314453
442,7.366667,7.011634,22.503134,1.420849,0.612226,0.940975,0.315446
443,7.383333,7.273361,22.693937,0.635305,0.611354,0.940263,0.317366
444,7.400000,7.041021,22.911247,0.181476,0.610386,0.940510,0.320006
445,7.416667,6.809141,23.003899,-0.320917,0.609959,0.940870,0.322544
446,7.433333,6.818491,23.344145,0.182193,0.611000,0.941187,0.324393
447,7.450000,6.476900,23.420580,-0.070056,0.610409,0.941612,0.326887
448,7.466667,6.540027,23.873476,-0.847395,0.609425,0.942618,0.328891
449,7.483333,6.202057,23.953465,-0.434571,0.610289,0.942043,0.331334
450,7.500000,5.865354,24.209599,0.471692,0.611853,0.941418,0.333405
451,7.516667,6.598686,24.775476,-0.225073,0.611552,0.941016,0.334709
452,7.533333,7.112068,24.981102,-0.531289,0.612382,0.939152,0.336275
453,7.550000,6.839581,25.432163,-1.488711,0.611678,0.938575,0.339230
454,7.566667,7.332648,25.364634,-1.169124,0.613236,0.937201,0.340951
455,7.583333,7.064872,25.436859,-1.477974,0.614175,0.935906,0.343758
456,7.600000,7.061828,25.612413,-1.808753,0.615349,0.934879,0.345946
457,7.616667,6.686509,25.776060,-1.585696,0.616725,0.934559,0.348631
458,7.633333,5.829785,26.404875,-0.326222,0.620036,0.933864,0.351439
459,7.650000,6.864701,26.716156,-0.714112,0.620652,0.935391,0.352401
460,7.666667,6.175230,27.007353,-0.362490,0.622363,0.935209,0.355138
461,7.683333,5.364015,27.434475,-0.130006,0.623918,0.935634,0.358457
462,7.700000,5.333815,27.782692,-0.119660,0.626256,0.935613,0.361036
463,7.716667,5.025080,28.039471,1.191381,0.629950,0.935245,0.362855
464,7.733333,5.857292,28.323629,0.364642,0.631137,0.934707,0.364765
465,7.750000,5.929296,28.612669,-0.682738,0.631627,0.934333,0.367791
466,7.766667,5.215511,29.086702,0.006469,0.634522,0.933325,0.370313
467,7.783333,5.935357,29.108978,0.262887,0.637277,0.932588,0.371887
468,7.800000,5.930616,29.617760,0.745909,0.640236,0.931195,0.373589
469,7.816667,5.477605,29.813984,0.183899,0.641340,0.930449,0.376735
470,7.833333,4.342391,29.941076,1.488658,0.645534,0.929453,0.379555
471,7.850000,4.598687,30.280670,1.093079,0.647871,0.928857,0.381216
472,7.866667,4.945418,31.006966,0.911444,0.649689,0.927860,0.383524
473,7.883333,4.828873,31.438364,1.434466,0.652799,0.927783,0.385136
474,7.900000,4.684242,31.729975,1.090799,0.654644,0.928403,0.387758
475,7.916667,4.170225,31.749424,1.089553,0.657674,0.927516,0.390819
476,7.933333,4.778931,32.425304,1.217038,0.660333,0.927420,0.392223
477,7.950000,4.642972,32.621971,1.446373,0.663394,0.927574,0.393944
478,7.966667,4.889971,32.911118,1.071244,0.665043,0.927358,0.396282
479,7.983333,4.256933,33.518311,1.769418,0.668157,0.927889,0.398390
480,8.000000,4.712005,33.679634,2.325464,0.671079,0.928735,0.399537
481,8.016667,4.294868,34.334732,2.671242,0.674360,0.929102,0.401716
482,8.033333,4.287945,34.559380,2.354933,0.676392,0.930161,0.403746
483,8.050000,3.894948,35.029678,2.341502,0.678683,0.930508,0.406071
484,8.066667,4.789597,35.408390,1.364593,0.679888,0.931354,0.407796
485,8.083333,4.628802,35.715519,1.457867,0.683100,0.931403,0.410073
486,8.100000,4.463615,35.782082,0.969366,0.684863,0.932246,0.412401
487,8.116667,4.025148,36.267551,1.825888,0.688973,0.930733,0.413717
488,8.133333,5.133041,36.723812,2.027847,0.691441,0.931789,0.414202
489,8.150000,4.623281,37.051846,2.693995,0.693850,0.932186,0.416291
490,8.166667,4.588152,37.588779,2.273328,0.694917,0.932390,0.418477
491,8.183333,4.154069,38.172508,2.155729,0.696577,0.932584,0.421068
492,8.200000,3.847732,38.799564,3.411224,0.699572,0.933621,0.422302
493,8.216667,3.595827,39.035099,3.716140,0.702031,0.934281,0.424107
494,8.233333,3.515647,39.415741,3.505464,0.703211,0.935690,0.426233
495,8.250000,3.861867,39.754814,3.103601,0.705038,0.937294,0.427935
496,8.266667,4.537679,40.243488,3.193946,0.707327,0.938309,0.428747
497,8.283333,4.512764,40.313992,3.350486,0.708363,0.939583,0.430985
498,8.300000,4.589148,41.202785,3.051901,0.710009,0.940589,0.432959
499,8.316667,4.428157,41.387844,4.039187,0.712362,0.940706,0.434009
500,8.333333,4.849953,41.963993,3.160158,0.712038,0.942050,0.436623
501,8.350000,5.005882,42.455025,2.540805,0.712827,0.941840,0.438403
502,8.366667,5.292486,43.298954,2.879629,0.714375,0.941680,0.440249
503,8.383333,6.490975,43.894043,3.106362,0.715559,0.941934,0.440334
504,8.400000,4.481565,43.478939,4.538369,0.717486,0.942524,0.443918
505,8.416667,5.115948,44.261192,3.070838,0.717140,0.941846,0.446459
506,8.433333,6.015162,44.586323,2.367314,0.717587,0.942005,0.447961
507,8.450000,6.828102,45.242474,1.046548,0.717181,0.942139,0.450438
508,8.466667,7.010780,45.760323,1.470648,0.719022,0.942107,0.451634
509,8.483333,8.105749,46.493782,0.841672,0.718986,0.941708,0.453674
510,8.500000,7.481226,46.548706,-0.748437,0.718262,0.941638,0.458128
511,8.516667,7.805748,46.989273,0.177406,0.718993,0.941654,0.459307
512,8.533333,7.362750,47.286228,0.511509,0.719484,0.941361,0.463137
513,8.550000,8.080343,47.817986,-0.869180,0.718454,0.941157,0.465743
514,8.566667,7.750998,47.904938,-0.534994,0.719345,0.940704,0.468510
515,8.583333,8.164590,48.764744,-0.556736,0.719914,0.940638,0.471068
516,8.600000,7.994421,49.203461,-1.144714,0.719534,0.940684,0.474470
517,8.616667,8.388792,50.106808,-1.508964,0.720388,0.940873,0.477260
518,8.633333,9.074095,50.553024,-2.169706,0.720929,0.940235,0.479961
519,8.650000,9.423250,50.853344,-1.859247,0.721723,0.939540,0.481878
520,8.666667,9.251740,50.979748,-3.843109,0.720639,0.939950,0.487290
521,8.683333,8.983731,51.779411,-3.127420,0.721559,0.940647,0.489913
522,8.700000,8.829494,52.523785,-2.990431,0.722548,0.940128,0.492756
523,8.716667,9.390843,52.320160,-4.608624,0.721755,0.939933,0.496760
524,8.733333,8.250625,52.936001,-3.792928,0.723396,0.939176,0.500454
525,8.750000,8.166915,53.907379,-3.858715,0.723992,0.939469,0.504174
526,8.766667,9.855031,54.412186,-4.868957,0.724679,0.939169,0.505477
527,8.783333,10.022306,54.752853,-5.415076,0.725622,0.938947,0.508660
528,8.800000,10.268393,55.015594,-6.408987,0.725361,0.938425,0.512538
529,8.816667,10.632973,55.730103,-7.065916,0.726700,0.937669,0.515897
530,8.833333,11.044850,56.311264,-7.636802,0.727902,0.936605,0.518015
531,8.850000,10.201690,56.875355,-6.930194,0.729842,0.935658,0.520797
532,8.866667,10.862535,57.461254,-8.712379,0.729927,0.935280,0.524949
533,8.883333,10.737631,58.049450,-8.154119,0.731652,0.933826,0.527437
534,8.900000,9.291707,58.779675,-6.281630,0.734892,0.932559,0.529871
535,8.916667,10.756706,59.300537,-8.199103,0.735574,0.931876,0.532642
536,8.933333,10.789264,60.130383,-6.621759,0.738938,0.931239,0.532609
537,8.950000,11.692827,60.446594,-8.371314,0.739878,0.930478,0.536096
538,8.966667,12.009807,61.191650,-9.658878,0.741211,0.929006,0.539117
539,8.983333,12.824816,61.144196,-10.580150,0.742844,0.928861,0.541484
540,9.000000,11.633008,62.061176,-8.804878,0.746417,0.928977,0.542563
541,9.016667,13.607104,62.761742,-10.510108,0.748307,0.928745,0.543665
542,9.033333,13.096022,63.961067,-9.292715,0.752154,0.927254,0.545110
543,9.050000,13.348474,64.033562,-11.650716,0.753644,0.926763,0.549177
544,9.066667,12.054281,65.002884,-9.318681,0.757378,0.925422,0.549713
545,9.083333,11.044106,65.610329,-7.910810,0.761003,0.926173,0.551143
546,9.100000,12.910281,66.292061,-9.910696,0.762535,0.925984,0.552353
547,9.116667,12.238511,67.209877,-9.209033,0.767081,0.926492,0.553706
548,9.133333,12.641808,67.633896,-10.641393,0.768906,0.926291,0.555807
549,9.150000,12.832823,67.975136,-9.412544,0.772518,0.926518,0.554883
550,9.166667,12.002549,69.000343,-9.057421,0.776281,0.927111,0.556784
551,9.183333,12.861860,68.931206,-10.411952,0.778728,0.927102,0.557571
552,9.200000,12.512018,69.934593,-9.664888,0.782411,0.927304,0.558842
553,9.216667,14.078005,70.397179,-11.565571,0.785019,0.927092,0.559646
554,9.233333,13.281991,71.496750,-10.321308,0.789428,0.927178,0.559568
555,9.250000,14.030381,71.930252,-10.213434,0.792679,0.927296,0.559120
556,9.266667,14.538536,72.583771,-11.053091,0.796056,0.927388,0.560046
557,9.283333,14.962616,72.999023,-11.255734,0.798898,0.926785,0.560558
558,9.300000,15.857321,73.673485,-10.967633,0.802519,0.927213,0.559596
559,9.316667,18.120974,74.392326,-14.617227,0.804383,0.926441,0.562128
560,9.333333,18.914385,75.055595,-13.987781,0.808473,0.926069,0.560878
561,9.350000,18.110685,75.633003,-14.309225,0.812010,0.925580,0.562103
562,9.366667,18.568731,76.433464,-11.539650,0.817219,0.925091,0.557323
563,9.383333,20.589447,76.665298,-16.676800,0.817961,0.925240,0.562339
564,9.400000,20.692776,77.712502,-17.042316,0.822160,0.924701,0.563309
565,9.416667,20.040356,78.437256,-15.792999,0.825624,0.925120,0.562460
566,9.433333,19.534925,78.355179,-16.027035,0.828765,0.924667,0.563675
567,9.450000,19.359087,79.225761,-14.926004,0.833391,0.924443,0.562988
568,9.466667,20.234463,80.190544,-15.287734,0.836201,0.924390,0.562418
569,9.483333,20.807510,80.837982,-16.215446,0.839786,0.925055,0.563521
570,9.500000,25.212461,81.667366,-21.179653,0.841987,0.926643,0.563437
571,9.516667,25.734743,81.854507,-21.565489,0.845011,0.927000,0.563285
572,9.533333,31.600451,82.023697,-28.014021,0.847608,0.928186,0.563873
573,9.550000,34.625290,82.454437,-30.956835,0.850810,0.929265,0.563973
574,9.566667,36.235134,82.941040,-32.569321,0.853317,0.930797,0.563915
575,9.583333,33.394463,83.950157,-29.080620,0.858232,0.932653,0.562901
576,9.600000,33.406357,84.308800,-29.539347,0.860141,0.933657,0.563376
577,9.616667,43.534550,85.257210,-39.069584,0.862960,0.936205,0.563222
578,9.633333,40.170418,85.851563,-35.140072,0.866431,0.936911,0.562860
579,9.650000,52.674923,85.597656,-48.716576,0.867834,0.939074,0.564597
580,9.666667,57.398125,86.119286,-52.007992,0.871112,0.940125,0.563017
581,9.683333,72.674103,85.707008,-66.634331,0.872845,0.940672,0.561714
582,9.700000,80.966446,85.797707,-75.082138,0.875407,0.941500,0.562121
583,9.716667,87.871025,85.553238,-82.706566,0.878040,0.941911,0.563374
584,9.733333,93.855705,85.923477,-89.973335,0.880517,0.943154,0.565219
585,9.750000,102.890343,85.631821,-97.887321,0.883551,0.942960,0.563718
586,9.766667,104.680595,85.443718,-101.060211,0.885477,0.943113,0.565578
587,9.783333,116.391151,85.663315,-113.890213,0.888288,0.942943,0.566968
588,9.800000,123.181656,85.661850,-119.768150,0.891962,0.943361,0.566634
589,9.816667,139.291351,85.488693,-134.216095,0.894712,0.944432,0.565312
590,9.833333,140.992889,84.826889,-135.908798,0.895950,0.944098,0.564397
591,9.850000,138.135437,83.884758,-133.681000,0.897421,0.944325,0.566012
592,9.866667,138.833725,83.456581,-133.326462,0.899560,0.943643,0.565437
593,9.883333,144.696121,83.464767,-139.237793,0.902706,0.943865,0.565436
594,9.900000,148.100433,83.179688,-142.707291,0.904566,0.943935,0.565786
595,9.916667,153.356979,82.665504,-148.322464,0.907359,0.943157,0.566525
596,9.933333,149.015137,81.793495,-144.361389,0.907797,0.944009,0.567571
597,9.950000,149.944824,81.480316,-146.820511,0.909450,0.944464,0.569559
598,9.966667,155.743073,81.311348,-153.381790,0.912800,0.944338,0.570618
599,9.983333,156.571930,80.709969,-154.838333,0.914281,0.944497,0.571854
600,10.000000,158.445602,80.259567,-155.339722,0.916322,0.943608,0.570669
601,10.016667,160.010620,79.573158,-157.387756,0.918277,0.943427,0.571379
602,10.033333,158.913773,78.892914,-157.447662,0.919919,0.942978,0.573250
603,10.050000,159.903763,78.225998,-158.515732,0.921739,0.942196,0.573778
604,10.066667,157.599487,78.157326,-156.143692,0.922343,0.942561,0.573494
605,10.083333,157.785797,77.084923,-156.546463,0.924581,0.942167,0.573616
606,10.100000,158.986542,76.654228,-157.267609,0.925535,0.941863,0.573399
607,10.116667,160.669937,76.292030,-159.172531,0.927510,0.942314,0.572907
608,10.133333,162.512466,75.975914,-161.989197,0.929331,0.942982,0.573643
609,10.150000,160.862213,75.252098,-159.148102,0.929104,0.944062,0.571500
610,10.166667,161.683960,74.442085,-160.690277,0.930491,0.944165,0.572387
611,10.183333,165.394394,73.728210,-164.645859,0.933896,0.943270,0.572458
612,10.200000,163.522659,73.288536,-162.167465,0.933714,0.944596,0.571556
613,10.216667,166.307007,72.867622,-163.939697,0.935623,0.944718,0.569213
614,10.233333,165.251328,72.735817,-162.593536,0.936382,0.945081,0.568576
615,10.250000,164.556061,71.837387,-162.430038,0.937012,0.944871,0.568156
616,10.266667,164.951492,70.921440,-163.358780,0.937942,0.945350,0.568468
617,10.283333,163.076340,69.977737,-161.075989,0.938340,0.944961,0.566857
618,10.300000,165.332382,69.705475,-164.092087,0.940834,0.945116,0.566842
619,10.316667,165.038757,68.966454,-163.493256,0.941350,0.945125,0.565535
620,10.333333,166.385849,68.461754,-164.341354,0.941821,0.945597,0.564204
621,10.350000,166.348145,67.713341,-164.197372,0.943268,0.946456,0.563041
622,10.366667,168.697113,67.255653,-166.028564,0.945004,0.946777,0.561354
623,10.383333,168.735947,66.440880,-165.406494,0.944992,0.947875,0.559663
624,10.400000,168.572983,65.989601,-165.574173,0.946055,0.948098,0.558895
625,10.416667,168.907135,65.294716,-166.019119,0.947115,0.948924,0.558431
626,10.433333,167.899765,64.740013,-164.790100,0.948103,0.950781,0.556791
627,10.450000,168.761017,64.211205,-165.555283,0.949337,0.951292,0.555844
628,10.466667,168.295456,63.670498,-164.932892,0.949454,0.952502,0.554535
629,10.483333,169.089432,62.619026,-165.989944,0.950600,0.953212,0.553638
630,10.500000,169.900986,62.110462,-166.877548,0.952420,0.953848,0.553064
631,10.516667,170.628311,61.744488,-167.760040,0.953461,0.954488,0.552298
632,10.533333,172.319061,60.946659,-167.989960,0.954419,0.954794,0.549336
633,10.550000,172.066269,60.458294,-168.180511,0.955166,0.956653,0.549142
634,10.566667,172.684418,59.635025,-168.217407,0.956002,0.957083,0.547866
635,10.583333,173.758484,59.190933,-169.358139,0.957960,0.957703,0.547180
636,10.600000,171.824890,58.756519,-167.989639,0.958210,0.959967,0.547394
637,10.616667,170.794952,57.875153,-167.515900,0.958428,0.961331,0.546999
638,10.633333,171.962173,57.128571,-167.967865,0.960114,0.962816,0.545216
639,10.650000,172.062866,56.695595,-167.935440,0.960900,0.964312,0.544126
640,10.666667,171.773941,56.062698,-169.181122,0.962573,0.965566,0.545016
641,10.683333,171.041153,55.653942,-168.814346,0.962925,0.966998,0.544805
642,10.700000,171.050720,55.268929,-169.246414,0.964047,0.967074,0.544519
643,10.716667,171.406860,54.183235,-170.585495,0.965336,0.967951,0.544356
644,10.733333,171.544891,53.767292,-170.699799,0.966359,0.969107,0.543523
645,10.750000,170.824905,53.640301,-169.732605,0.967343,0.970865,0.542628
646,10.766667,171.146881,52.388779,-170.413254,0.967785,0.971834,0.541970
647,10.783333,170.006699,51.576790,-168.537750,0.967886,0.972207,0.540762
648,10.800000,170.745193,51.048897,-168.511063,0.968442,0.973066,0.538977
649,10.816667,170.740860,50.360493,-168.288757,0.969570,0.973834,0.538397
650,10.833333,171.111862,50.101006,-168.966415,0.971513,0.974092,0.537664
651,10.850000,172.585434,49.320732,-168.717636,0.972304,0.974250,0.534860
652,10.866667,170.992432,48.509750,-168.214264,0.972918,0.975991,0.535906
653,10.883333,170.703262,47.857586,-168.349136,0.973660,0.977393,0.534971
654,10.900000,171.992447,47.415070,-169.009338,0.975335,0.978493,0.532796
655,10.916667,172.022339,47.117931,-169.241470,0.976644,0.980028,0.531145
656,10.933333,171.249557,46.198856,-169.065384,0.978013,0.982720,0.531693
657,10.950000,171.681412,45.520145,-169.347336,0.979726,0.984355,0.530058
658,10.966667,170.644867,44.705082,-169.088745,0.980575,0.986676,0.530424
659,10.983333,171.008209,44.396416,-168.985062,0.982221,0.987432,0.528126
660,11.000000,170.941635,43.844296,-168.980942,0.983718,0.988535,0.527159
661,11.016667,170.436340,42.657230,-168.352066,0.985058,0.989420,0.526824
662,11.033333,171.779892,42.617306,-169.221634,0.986755,0.989087,0.524499
663,11.050000,171.987030,42.011379,-169.371124,0.988784,0.989201,0.523040
664,11.066667,171.883972,41.653564,-170.336533,0.991107,0.989727,0.522481
665,11.083333,171.910065,40.847412,-170.619446,0.993266,0.989812,0.521468
666,11.100000,172.748428,39.940922,-170.534882,0.994673,0.988820,0.519142
667,11.116667,172.433731,39.679680,-170.966858,0.996427,0.988794,0.517815
668,11.133333,172.184570,38.942562,-171.926590,0.999002,0.988885,0.517738
669,11.150000,172.566376,38.757935,-171.691238,1.000770,0.987954,0.515383
670,11.166667,172.861053,37.956535,-171.318115,1.002671,0.986958,0.513780
671,11.183333,172.865585,37.408066,-171.600433,1.004521,0.986695,0.512419
672,11.200000,173.614609,36.720947,-171.266769,1.006869,0.985745,0.510219
673,11.216667,174.904282,36.406208,-172.422165,1.009284,0.984559,0.507588
674,11.233333,175.224197,35.639313,-172.471222,1.011552,0.984217,0.505869
675,11.250000,174.990570,34.937588,-172.729050,1.013558,0.983041,0.504734
676,11.266667,174.416443,34.475159,-173.057312,1.015863,0.982613,0.504254
677,11.283333,174.072830,34.066525,-173.700699,1.017584,0.981600,0.502802
678,11.300000,173.694794,33.455517,-173.567245,1.019208,0.981501,0.501678
679,11.316667,174.249252,32.905811,-174.714493,1.022635,0.980087,0.499780
680,11.333333,174.062317,32.403656,-174.120697,1.023834,0.980075,0.497802
681,11.350000,174.327835,31.997978,-174.047699,1.025343,0.979787,0.495997
682,11.366667,174.554153,31.560699,-174.170471,1.026684,0.979904,0.493957
683,11.383333,175.105057,30.669189,-174.194321,1.028844,0.979481,0.491929
684,11.400000,175.604156,29.995459,-174.905823,1.030214,0.979441,0.490188
685,11.416667,175.325104,29.374060,-175.049667,1.033088,0.978367,0.488862
686,11.433333,176.286606,28.706882,-174.207504,1.033378,0.977392,0.485489
687,11.450000,175.593384,28.135565,-174.818130,1.035468,0.976870,0.485170
688,11.466667,174.963547,27.293409,-175.409927,1.037035,0.977171,0.484110
689,11.483333,174.923691,27.173588,-175.808746,1.038176,0.975871,0.481960
690,11.500000,174.087524,26.874842,-175.993011,1.039481,0.975105,0.480877
691,11.516667,174.884201,25.799923,-175.484070,1.039528,0.974542,0.477725
692,11.533333,175.818237,25.923637,-175.367844,1.040252,0.973355,0.474403
693,11.550000,175.286163,25.121296,-175.275513,1.041495,0.973510,0.473232
694,11.566667,175.508698,24.475960,-175.590500,1.041958,0.973718,0.471316
695,11.583333,176.640564,23.632740,-175.237869,1.042288,0.973156,0.468205
696,11.600000,176.572586,23.305225,-175.418350,1.043212,0.972169,0.466125
697,11.616667,176.317795,22.414534,-175.605881,1.043352,0.971666,0.464598
698,11.633333,176.613632,21.961933,-176.745697,1.044663,0.970667,0.462851
699,11.650000,176.007797,21.390833,-176.204361,1.044686,0.970236,0.461016
700,11.666667,175.366531,20.990948,-176.528748,1.044387,0.969763,0.459821
701,11.683333,175.408722,20.201679,-177.238937,1.045441,0.969580,0.457972
702,11.700000,174.905853,19.797846,-176.793732,1.044447,0.968737,0.456187
703,11.716667,175.311722,19.065811,-176.667007,1.044350,0.969342,0.453766
704,11.733333,176.080612,18.960678,-176.349625,1.044146,0.968994,0.450976
705,11.750000,176.380539,17.691296,-176.014435,1.042873,0.970044,0.449329
706,11.766667,176.741379,17.598001,-176.431213,1.043405,0.969129,0.446642
707,11.783333,176.793579,16.882994,-175.468979,1.041639,0.969917,0.444707
708,11.800000,176.259949,16.477621,-175.116989,1.040660,0.970581,0.443255
709,11.816667,176.828506,15.900030,-175.751419,1.040250,0.970176,0.440928
710,11.833333,176.172440,15.236178,-175.316635,1.038964,0.969869,0.439370
711,11.850000,175.520645,14.754672,-175.621002,1.038266,0.969999,0.438641
712,11.866667,175.755890,14.447354,-176.660995,1.039051,0.968988,0.436475
713,11.883333,174.409409,14.044107,-175.085953,1.035902,0.970151,0.436194
714,11.900000,175.305008,13.078770,-175.413498,1.034924,0.970283,0.433264
715,11.916667,175.832977,12.423672,-175.669510,1.034043,0.970434,0.431002
716,11.933333,175.658310,11.821598,-174.894547,1.033037,0.970810,0.430063
717,11.950000,175.338150,11.756298,-174.304214,1.031513,0.970841,0.428477
718,11.966667,175.876175,11.218304,-174.063171,1.029955,0.970685,0.426465
719,11.983333,176.116562,10.491684,-174.341904,1.029361,0.971147,0.424544
720,12.000000,175.672714,9.965197,-173.798462,1.027515,0.971202,0.423526
721,12.016667,175.831848,9.321030,-173.688004,1.026391,0.971018,0.421972
722,12.033333,175.063034,9.237783,-174.231567,1.025633,0.972029,0.420614
723,12.050000,175.619492,8.544866,-174.770798,1.025256,0.972239,0.418747
724,12.066667,174.762024,8.013856,-173.527100,1.023129,0.973526,0.417918
725,12.083333,175.129547,7.609631,-173.883942,1.022829,0.974266,0.416240
726,12.100000,174.779129,6.814400,-173.388748,1.021295,0.976098,0.415293
727,12.116667,175.598434,6.018606,-172.381332,1.018981,0.977549,0.412866
728,12.133333,175.871506,5.784656,-172.764755,1.019349,0.977200,0.411674
729,12.150000,175.702850,5.193817,-173.013687,1.018979,0.978166,0.410445
730,12.166667,175.862366,4.873835,-172.450226,1.017922,0.978458,0.409012
731,12.183333,175.351868,4.744439,-172.781372,1.017213,0.978597,0.408126
732,12.200000,175.186096,3.997738,-173.171021,1.018019,0.978943,0.407488
733,12.216667,174.866714,3.940449,-172.827209,1.016390,0.978685,0.405979
734,12.233333,174.636719,3.243750,-173.122238,1.016998,0.978565,0.404901
735,12.250000,174.875763,2.442160,-172.937469,1.016956,0.978059,0.403244
736,12.266667,175.117355,2.074710,-173.076080,1.016741,0.977198,0.401427
737,12.283333,174.679871,1.739637,-172.744965,1.016716,0.977032,0.400858
738,12.300000,174.650757,1.494369,-172.578278,1.017017,0.976163,0.399536
739,12.316667,174.784958,1.159622,-172.804153,1.017798,0.975552,0.397830
740,12.333333,174.663010,0.935106,-172.788696,1.018072,0.975736,0.396948
741,12.350000,174.873734,0.387146,-173.104614,1.019233,0.975970,0.395445
742,12.366667,175.188507,-0.109113,-173.224579,1.020061,0.975718,0.393477
743,12.383333,174.659241,-0.516338,-173.735764,1.021388,0.976436,0.392910
744,12.400000,174.197021,-0.986740,-173.012253,1.021325,0.976291,0.391694
745,12.416667,174.362717,-1.019653,-173.789108,1.023392,0.976287,0.390151
746,12.433333,174.135376,-1.103298,-174.058655,1.024242,0.976635,0.388689
747,12.450000,174.383041,-1.838967,-175.428574,1.026616,0.977847,0.386781
748,12.466667,174.143738,-2.261772,-175.259399,1.027933,0.978184,0.385513
749,12.483333,173.872437,-2.281091,-175.311874,1.028766,0.979155,0.384234
750,12.500000,174.609650,-2.733384,-176.424637,1.032219,0.979928,0.381941
751,12.516667,175.128220,-3.251732,-176.518845,1.033044,0.980505,0.379079
752,12.533333,174.755783,-3.090619,-177.148483,1.034439,0.981475,0.377918
753,12.550000,174.088120,-3.667748,-176.982361,1.035267,0.982583,0.376948
754,12.566667,175.342590,-4.150832,-176.756546,1.036216,0.982780,0.373700
755,12.583333,174.932022,-4.473407,-177.244217,1.037812,0.983328,0.372638
756,12.600000,175.104355,-4.875784,-178.202362,1.040753,0.982736,0.370275
757,12.616667,175.134323,-5.431308,-177.294327,1.040576,0.982192,0.368438
758,12.633333,174.706726,-5.511867,-177.214035,1.041638,0.981789,0.367327
759,12.650000,174.207260,-5.576155,-177.287994,1.042252,0.981961,0.365793
760,12.666667,175.031052,-6.569662,-177.416733,1.043470,0.980591,0.363173
761,12.683333,175.021179,-6.717323,-177.505478,1.043675,0.980929,0.360995
762,12.700000,174.512970,-6.491873,-177.382935,1.044683,0.980566,0.359550
763,12.716667,174.240555,-7.389192,-177.327469,1.045880,0.980777,0.358303
764,12.733333,173.789520,-7.737432,-177.947662,1.047479,0.980285,0.356875
765,12.750000,174.385803,-7.455482,-176.873932,1.046462,0.980497,0.354172
766,12.766667,174.412796,-8.449741,-177.808929,1.048430,0.980900,0.351505
767,12.783333,174.245438,-8.899780,-177.694351,1.048875,0.980384,0.350100
768,12.800000,173.779938,-8.980116,-178.261826,1.049904,0.980720,0.348571
769,12.816667,173.920395,-9.621852,-177.371429,1.049319,0.980865,0.346373
770,12.833333,174.127060,-9.719038,-177.888611,1.050287,0.980213,0.343134
771,12.850000,173.815308,-10.186043,-177.966187,1.050610,0.980119,0.341803
772,12.866667,173.840027,-10.378666,-177.880493,1.050732,0.980299,0.339698
773,12.883333,174.248947,-10.867025,-177.159698,1.049980,0.979208,0.336560
774,12.900000,173.891541,-11.267747,-177.409897,1.050387,0.979475,0.334405
775,12.916667,173.500778,-11.314574,-178.502380,1.051528,0.979552,0.332704
776,12.933333,173.686203,-11.917903,-178.522949,1.050782,0.980782,0.329848
777,12.950000,174.009384,-12.385744,-177.727570,1.051161,0.980404,0.327281
778,12.966667,175.345627,-11.915181,-178.164749,1.051265,0.980056,0.322837
779,12.983333,174.179016,-13.069139,-177.315994,1.049691,0.981980,0.322063
780,13.000000,174.408905,-13.002261,-177.478485,1.050736,0.983216,0.319579
781,13.016667,174.102310,-13.613223,-177.238281,1.050399,0.984492,0.317418
782,13.033333,174.307343,-13.982085,-177.391190,1.049663,0.985685,0.313993
783,13.050000,174.893524,-14.134288,-178.074829,1.050248,0.986264,0.310402
784,13.066667,174.731110,-14.143438,-177.908783,1.049628,0.987309,0.307796
785,13.083333,174.433899,-14.599181,-178.534927,1.050041,0.988538,0.305763
786,13.100000,174.255737,-14.892116,-178.840485,1.049794,0.989429,0.302659
787,13.116667,174.160721,-15.412197,-178.695755,1.049115,0.991378,0.300461
788,13.133333,174.786316,-15.930469,-178.710953,1.048588,0.992655,0.296734
789,13.150000,174.824692,-15.759880,-179.292038,1.048560,0.994770,0.293589
790,13.166667,174.552048,-16.345476,-179.136642,1.047765,0.996762,0.291462
791,13.183333,174.589813,-16.592384,-178.580017,1.046384,0.998419,0.288821
792,13.200000,174.609665,-17.076796,-178.768906,1.045861,0.999967,0.286071
793,13.216667,175.187149,-17.275154,-177.796570,1.044026,1.000789,0.282962
794,13.233333,175.398422,-17.618408,-178.466507,1.044340,1.002030,0.280061
795,13.250000,175.560852,-17.806326,-177.552658,1.042215,1.003685,0.277635
796,13.266667,175.325714,-18.241558,-177.749985,1.041833,1.004536,0.275070
797,13.283333,175.632614,-18.248474,-177.716965,1.040834,1.005796,0.272134
798,13.300000,176.247055,-18.591141,-176.970581,1.039472,1.007329,0.268884
799,13.316667,175.994232,-19.076939,-177.465317,1.038930,1.008486,0.266465
800,13.333333,175.865280,-19.173252,-177.932861,1.038278,1.010553,0.264293
801,13.350000,175.874985,-19.473166,-177.180054,1.037156,1.012037,0.261971
802,13.366667,176.359039,-19.404350,-176.791840,1.035299,1.013097,0.259141
803,13.383333,176.231964,-19.914948,-176.699387,1.034435,1.014981,0.257308
804,13.400000,177.232941,-20.368328,-176.077682,1.033105,1.015917,0.254274
805,13.416667,176.683304,-20.431370,-176.026093,1.032594,1.017392,0.252867
806,13.433333,176.508423,-20.508377,-177.053986,1.032617,1.018279,0.250767
807,13.450000,176.702255,-20.733095,-176.937454,1.031787,1.018847,0.248281
808,13.466667,176.452515,-20.981497,-176.661514,1.030787,1.019667,0.246927
809,13.483333,176.555649,-20.946743,-177.207947,1.030261,1.019948,0.244105
810,13.500000,175.942429,-21.349274,-177.314194,1.029804,1.020901,0.242867
811,13.516667,175.932373,-21.580454,-177.815933,1.029479,1.020598,0.240924
812,13.533333,175.809250,-21.574818,-177.678146,1.028569,1.021230,0.239622
813,13.550000,175.747269,-21.925198,-177.974976,1.028159,1.021142,0.237844
814,13.566667,176.228607,-22.101009,-177.735397,1.027648,1.020924,0.235535
815,13.583333,176.344513,-22.284004,-177.196930,1.026917,1.021297,0.234153
816,13.600000,176.935516,-22.628496,-176.026794,1.024847,1.021414,0.232367
817,13.616667,176.770645,-22.843088,-177.106155,1.025989,1.021941,0.231154
818,13.633333,176.981537,-22.901859,-177.104568,1.025408,1.022398,0.229347
819,13.650000,176.628342,-22.983910,-177.112762,1.024746,1.023573,0.228587
820,13.666667,176.087891,-23.267990,-178.277740,1.025363,1.024026,0.227720
821,13.683333,176.435928,-23.144375,-178.072647,1.024785,1.025359,0.225850
822,13.700000,176.063187,-23.307486,-178.674759,1.024657,1.026341,0.225359
823,13.716667,175.788071,-23.288591,-178.362778,1.023630,1.027457,0.224572
824,13.733333,176.303406,-23.296103,-177.839233,1.022562,1.027763,0.223270
825,13.750000,176.065826,-23.679239,-177.935257,1.022457,1.028863,0.222589
826,13.766667,176.144669,-23.908941,-177.463959,1.021404,1.029837,0.221982
827,13.783333,175.940811,-24.225739,-178.239792,1.022015,1.030622,0.221199
828,13.800000,176.573746,-24.364040,-178.037399,1.021358,1.031510,0.219728
829,13.816667,175.948578,-24.701115,-177.886597,1.020632,1.032413,0.219710
830,13.833333,175.479034,-24.717278,-177.941711,1.020401,1.033499,0.219679
831,13.850000,175.020874,-24.814537,-178.414185,1.020510,1.034166,0.219507
832,13.866667,175.193527,-24.788239,-178.356308,1.019945,1.035062,0.218894
833,13.883333,175.416656,-24.877222,-178.225708,1.019404,1.035663,0.218225
834,13.900000,175.480164,-25.141697,-178.464096,1.018989,1.037136,0.217823
835,13.916667,175.960892,-25.270824,-178.011963,1.017616,1.038040,0.217315
836,13.933333,175.984344,-25.393290,-178.466263,1.017868,1.039449,0.216934
837,13.950000,176.243973,-25.426102,-178.339584,1.016808,1.040545,0.216743
838,13.966667,176.476593,-25.628565,-178.341370,1.016294,1.041675,0.216561
839,13.983333,176.264816,-25.731796,-178.493149,1.016112,1.043048,0.216826
840,14.000000,175.927582,-26.026649,-178.910339,1.016294,1.044271,0.216956
841,14.016667,176.023041,-26.407961,-179.058472,1.016110,1.045438,0.217427
842,14.033333,176.030609,-26.247881,-178.574570,1.014463,1.046255,0.217271
843,14.050000,175.516602,-26.625240,-178.752411,1.014317,1.046608,0.218224
844,14.066667,174.800079,-26.440134,-178.760498,1.013380,1.047088,0.219086
845,14.083333,175.344009,-26.914227,-178.661819,1.013165,1.046755,0.218957
846,14.100000,175.264435,-27.032402,-178.958069,1.012568,1.046663,0.219202
847,14.116667,175.180405,-27.321753,-178.594467,1.011641,1.046323,0.219805
848,14.133333,174.940872,-27.312412,-178.332870,1.010465,1.045162,0.220550
849,14.150000,174.675430,-27.422058,-178.928329,1.010385,1.043870,0.221054
850,14.166667,174.711243,-27.569723,-178.889877,1.009764,1.043317,0.221646
851,14.183333,174.823593,-27.691021,-178.647888,1.008647,1.042691,0.222439
852,14.200000,174.380112,-27.650908,-178.201889,1.007455,1.042373,0.223732
853,14.216667,173.729584,-27.584988,-179.347885,1.007979,1.041333,0.224495
854,14.233333,173.090225,-27.921951,-179.764801,1.007687,1.040854,0.225405
855,14.250000,173.186768,-28.157015,-178.582153,1.005688,1.041227,0.226624
856,14.266667,173.296280,-28.381300,-178.244720,1.004481,1.040782,0.227143
857,14.283333,173.356445,-28.721809,-178.372177,1.003846,1.040003,0.227571
858,14.300000,173.368256,-29.019760,-177.859451,1.001879,1.039493,0.228168
859,14.316667,173.631958,-29.316572,-178.594101,1.002046,1.038685,0.228083
860,14.333333,173.568268,-29.311689,-178.849030,1.001537,1.038321,0.228529
861,14.350000,173.773010,-29.431969,-179.009308,1.000528,1.038434,0.228638
862,14.366667,173.754425,-29.438416,-178.977005,0.999875,1.038462,0.229253
863,14.383333,173.534103,-29.543020,-179.251404,0.999185,1.038714,0.229714
864,14.400000,173.583984,-29.749527,-178.959656,0.997675,1.038800,0.230294
865,14.416667,174.136871,-30.007296,-178.780396,0.996145,1.038598,0.229649
866,14.433333,173.771606,-30.326847,-178.739288,0.994873,1.039815,0.230818
867,14.450000,173.213852,-30.420120,-179.309250,0.994815,1.039904,0.231257
868,14.466667,173.760437,-30.479723,-179.295410,0.993614,1.039670,0.231145
869,14.483333,173.677200,-30.509399,-178.993546,0.992108,1.039735,0.231482
870,14.500000,173.613968,-30.875982,-179.973541,0.992180,1.039541,0.231456
871,14.516667,174.110107,-31.072161,-179.514038,0.990763,1.039577,0.231430
872,14.533333,174.130280,-31.304546,-179.698196,0.989472,1.039484,0.231700
873,14.550000,174.218170,-31.667694,-179.530365,0.987854,1.040008,0.232102
874,14.566667,174.166718,-31.702494,179.786743,0.987295,1.040259,0.231873
875,14.583333,174.087036,-31.798777,179.616592,0.986206,1.040726,0.232253
876,14.600000,173.573395,-32.064629,179.075012,0.985065,1.041048,0.232528
877,14.616667,173.695175,-31.898342,179.431061,0.983257,1.041005,0.232939
878,14.633333,174.322678,-32.275318,-179.502518,0.980781,1.040808,0.232980
879,14.650000,174.625610,-32.631466,-179.048431,0.978965,1.040571,0.233423
880,14.666667,174.114929,-33.093616,-178.323196,0.977169,1.041423,0.235019
881,14.683333,174.398987,-33.140366,-178.534149,0.976308,1.040573,0.234785
882,14.700000,173.869461,-33.259174,-178.779312,0.975049,1.039880,0.235506
883,14.716667,174.287003,-33.670017,-178.105484,0.972781,1.038520,0.235500
884,14.733333,175.075699,-34.003395,-177.378510,0.970737,1.037108,0.235162
885,14.750000,173.834167,-34.117889,-178.296387,0.970216,1.035971,0.236692
886,14.766667,174.004013,-34.228775,-178.406876,0.968681,1.033923,0.236975
887,14.783333,173.958267,-34.728535,-178.273331,0.967510,1.032450,0.237277
888,14.800000,173.640396,-34.732010,-178.959534,0.965957,1.030378,0.237410
889,14.816667,173.414230,-34.899914,-179.308228,0.964736,1.028813,0.237635
890,14.833333,173.892868,-34.865391,-178.105911,0.962554,1.026537,0.237731
891,14.850000,173.482468,-35.372425,-179.048996,0.961875,1.024536,0.238048
892,14.866667,173.686172,-35.592007,-179.137115,0.960903,1.022692,0.237723
893,14.883333,173.492081,-35.751713,-179.143234,0.958752,1.021600,0.238135
894,14.900000,173.366089,-35.951942,-179.515869,0.958280,1.020350,0.238357
895,14.916667,173.383392,-36.190651,-178.947281,0.956243,1.018778,0.238454
896,14.933333,173.222168,-36.520767,-179.215042,0.955575,1.017766,0.238592
897,14.950000,172.843445,-36.647167,-179.413544,0.954151,1.016640,0.238983
898,14.966667,173.333725,-36.867008,-179.315475,0.952607,1.015165,0.238177
899,14.983333,173.061783,-37.264580,-179.044067,0.950574,1.014512,0.238607
900,15.000000,172.944656,-37.649323,-178.811371,0.949586,1.013086,0.238817
901,15.016667,172.833954,-37.956123,-178.953644,0.947829,1.011931,0.238384
902,15.033333,172.395905,-37.836483,-179.762283,0.947497,1.010172,0.238116
903,15.050000,172.318268,-38.249088,-179.801895,0.946419,1.009430,0.237997
904,15.066667,173.051392,-38.710869,179.914200,0.944227,1.008539,0.236764
905,15.083333,172.772812,-38.885143,179.279953,0.943749,1.006950,0.236421
906,15.100000,172.432770,-38.988514,178.583572,0.943103,1.006010,0.236361
907,15.116667,172.790863,-39.300964,178.435135,0.941147,1.004660,0.235583
908,15.133333,173.477905,-39.635735,178.362015,0.939429,1.002813,0.234074
909,15.150000,173.862381,-40.266666,-179.891754,0.936859,1.001524,0.234521
910,15.166667,173.348190,-40.582069,179.871948,0.935591,0.999353,0.234507
911,15.183333,173.675659,-40.793751,179.564896,0.934241,0.996719,0.233469
912,15.200000,173.655731,-40.997734,-179.865417,0.932079,0.994311,0.233502
913,15.216667,173.542175,-41.397232,179.653793,0.930784,0.991229,0.232975
914,15.233333,173.673309,-41.823078,179.664032,0.928632,0.988754,0.232336
915,15.250000,173.693481,-42.347633,178.876877,0.928052,0.986570,0.231835
916,15.266667,173.557083,-42.603489,178.227448,0.926393,0.984097,0.231287
917,15.283333,173.624023,-42.854904,178.284637,0.923940,0.982341,0.231108
918,15.300000,172.849960,-43.095154,177.506180,0.922670,0.980781,0.231324
919,15.316667,173.043991,-43.369698,178.184631,0.920378,0.979265,0.231252
920,15.333333,172.970963,-44.211090,178.927155,0.918059,0.978846,0.232053
921,15.350000,173.629059,-44.798145,179.973618,0.915134,0.978996,0.231948
922,15.366667,173.310226,-45.177361,-179.814957,0.913319,0.978364,0.232087
923,15.383333,173.309082,-45.527531,179.946671,0.911165,0.978435,0.231911
924,15.400000,172.830612,-46.262726,179.002655,0.909620,0.978711,0.231715
925,15.416667,172.360794,-46.547508,178.777847,0.907785,0.978031,0.232173
926,15.433333,172.153275,-47.206978,177.835693,0.906258,0.977946,0.232020
927,15.450000,172.942352,-47.707836,178.650467,0.903008,0.977834,0.231928
928,15.466667,172.644791,-48.184242,178.861893,0.900801,0.978268,0.232462
929,15.483333,172.620117,-48.546360,178.198120,0.899271,0.978438,0.232080
930,15.500000,172.247604,-49.354752,177.999512,0.897279,0.978080,0.232202
931,15.516667,172.749008,-50.029922,179.252060,0.893931,0.978498,0.233095
932,15.533333,173.068481,-50.309280,179.543839,0.891648,0.978711,0.232541
933,15.550000,172.738754,-51.200905,-179.947128,0.889541,0.979129,0.233414
934,15.566667,173.317307,-51.919392,-179.065735,0.886608,0.979638,0.233528
935,15.583333,172.229141,-52.474590,179.697861,0.885697,0.978642,0.233272
936,15.600000,172.739090,-53.002838,-179.790176,0.882922,0.979010,0.233137
937,15.616667,171.686539,-53.468578,179.105530,0.881476,0.978911,0.233622
938,15.633333,171.586411,-53.963913,178.753296,0.879771,0.978634,0.233411
939,15.650000,171.214722,-54.665005,178.299500,0.877871,0.978574,0.233188
940,15.666667,171.671158,-55.576057,178.105911,0.875843,0.978009,0.232105
941,15.683333,171.442307,-56.183868,178.710587,0.873468,0.977965,0.232356
942,15.700000,171.508682,-56.837227,178.865707,0.871943,0.977960,0.232261
943,15.716667,170.882553,-57.311245,178.647308,0.869854,0.978235,0.232003
944,15.733333,170.951965,-58.121830,178.960541,0.867833,0.978261,0.231630
945,15.750000,171.330338,-58.764557,-179.489349,0.864749,0.978439,0.232173
946,15.766667,171.232666,-59.497765,179.593933,0.863768,0.977456,0.230978
947,15.783333,170.225616,-60.102135,178.446640,0.863017,0.977221,0.230400
948,15.800000,170.494095,-60.644581,177.736038,0.861300,0.976553,0.228520
949,15.816667,170.057770,-61.178654,176.867249,0.859289,0.976369,0.227367
950,15.833333,170.043777,-61.995846,176.280563,0.858552,0.975645,0.226293
951,15.850000,170.345810,-62.712265,175.363052,0.857643,0.974947,0.224157
952,15.866667,170.104935,-63.413765,175.698273,0.855232,0.976094,0.223923
953,15.883333,171.960922,-64.274078,177.144287,0.853422,0.975215,0.222486
954,15.900000,171.289917,-65.109413,176.459610,0.852537,0.975551,0.221366
955,15.916667,172.256317,-65.868668,178.006073,0.850082,0.975107,0.221119
956,15.933333,171.820343,-66.722054,177.194794,0.849168,0.975036,0.219835
957,15.950000,170.013153,-67.679710,175.686493,0.848568,0.973497,0.219548
958,15.966667,170.360748,-68.572495,175.887985,0.846465,0.972609,0.218215
959,15.983333,169.107071,-69.064331,174.091217,0.846015,0.971936,0.217349
960,16.000000,166.956680,-69.479103,171.354050,0.845650,0.971503,0.215803
961,16.016667,166.425873,-70.384415,170.262390,0.844168,0.971700,0.214383
962,16.033333,166.832870,-70.898834,170.119858,0.842844,0.971394,0.213308
963,16.050000,165.634460,-71.779198,168.687134,0.841838,0.971652,0.212531
964,16.066667,165.489456,-72.329620,168.335495,0.840269,0.971745,0.211187
965,16.083333,165.419022,-73.412376,168.794373,0.838842,0.971372,0.211352
966,16.100000,162.621750,-74.416275,166.448166,0.837958,0.971509,0.211249
967,16.116667,163.930054,-75.399193,168.958633,0.835525,0.970986,0.211722
968,16.133333,161.234634,-76.013832,166.155228,0.834793,0.970439,0.211328
969,16.150000,158.771088,-76.570686,163.746262,0.833989,0.969876,0.210845
970,16.166667,153.896225,-77.346924,158.347046,0.833454,0.969482,0.210322
971,16.183333,151.984772,-77.807907,156.896484,0.832048,0.969111,0.210743
972,16.200000,150.773392,-78.770554,154.434250,0.830308,0.968613,0.209149
973,16.216667,148.381332,-79.732788,151.341324,0.829369,0.967719,0.208144
974,16.233333,148.213882,-80.916763,151.270432,0.827059,0.966386,0.207961
975,16.250000,145.620956,-81.525368,148.571762,0.825598,0.966402,0.207691
976,16.266667,140.159851,-82.458481,144.355148,0.824106,0.965274,0.209328
977,16.283333,137.046936,-83.342812,141.859573,0.822615,0.964237,0.209812
978,16.300000,133.741608,-84.625778,139.172409,0.820032,0.963485,0.210008
979,16.316667,122.931946,-85.217110,128.507050,0.818808,0.962420,0.209756
980,16.333333,111.351585,-85.557930,117.017509,0.817606,0.961343,0.209774
981,16.350000,98.521515,-85.760918,103.830620,0.816022,0.960106,0.209302
982,16.366667,84.532600,-85.815887,89.767464,0.814743,0.958828,0.209702
983,16.383333,71.472122,-85.452316,75.895195,0.813647,0.958053,0.208380
984,16.400000,59.239319,-85.651390,63.268597,0.811568,0.956991,0.208036
985,16.416667,43.272217,-85.135956,47.062843,0.809887,0.956159,0.208003
986,16.433333,35.797798,-84.399300,39.605309,0.808563,0.955181,0.208528
987,16.450000,32.839104,-83.648804,35.785603,0.807405,0.954138,0.207323
988,16.466667,26.602606,-82.604050,29.908665,0.806427,0.953508,0.207744
989,16.483333,23.502245,-81.636444,27.249073,0.805161,0.952976,0.208443
990,16.500000,21.699799,-80.862709,25.299292,0.803991,0.951974,0.208337
991,16.516667,18.676535,-79.889465,22.140266,0.802896,0.950799,0.208520
992,16.533333,16.859499,-78.811584,20.235449,0.801856,0.949783,0.208871
993,16.550000,15.708457,-77.763054,18.659546,0.801257,0.948773,0.208903
994,16.566667,12.718358,-76.867134,15.832973,0.800064,0.947561,0.209441
995,16.583333,13.231654,-75.463303,16.087950,0.799368,0.946835,0.209322
996,16.600000,12.023957,-74.500534,14.394711,0.798913,0.945948,0.209624
997,16.616667,11.743216,-73.377487,14.059879,0.798546,0.945628,0.209817
998,16.633333,11.364896,-72.103935,13.906006,0.798441,0.944559,0.210336
999,16.650000,9.854368,-71.276871,12.601869,0.797806,0.943615,0.211704
1000,16.666667,10.193726,-69.942207,12.644893,0.797788,0.942755,0.211391
1001,16.683333,9.268854,-68.767998,12.062494,0.797541,0.941448,0.212814
1002,16.700000,10.196212,-67.687187,12.735763,0.797788,0.940564,0.212879
1003,16.716667,8.570712,-66.721703,11.734502,0.797002,0.940808,0.214985
1004,16.733333,9.665587,-65.312363,11.748789,0.797224,0.939352,0.214255
1005,16.750000,8.977731,-64.449631,11.392591,0.797478,0.938866,0.215829
1006,16.766667,9.004335,-63.165619,11.395312,0.797899,0.938491,0.216812
1007,16.783333,8.595380,-62.242485,10.746133,0.797545,0.938184,0.217314
1008,16.800000,7.460501,-60.887524,9.712649,0.797370,0.937244,0.218631
1009,16.816667,9.107987,-59.739487,10.980453,0.798634,0.937123,0.218694
1010,16.833333,8.365000,-58.622543,11.091456,0.799060,0.936908,0.220967
1011,16.850000,8.264348,-57.525398,11.690313,0.799883,0.936274,0.222647
1012,16.866667,7.506750,-56.358013,11.886994,0.800155,0.936127,0.224680
1013,16.883333,8.039248,-55.103569,12.491778,0.800672,0.936218,0.225520
1014,16.900000,9.084311,-53.956635,12.434441,0.801472,0.935300,0.224957
1015,16.916667,8.671867,-52.693985,12.323054,0.801916,0.935162,0.226574
1016,16.933333,8.336418,-51.778526,12.348696,0.802201,0.935407,0.228034
1017,16.950000,8.089166,-50.504807,12.110152,0.802643,0.935771,0.229245
1018,16.966667,7.327401,-49.572971,12.117496,0.803020,0.935932,0.231068
1019,16.983333,7.635163,-48.586765,12.342492,0.803627,0.935772,0.231775
1020,17.000000,7.686274,-47.094257,11.571709,0.803194,0.935981,0.231637
1021,17.016667,7.274272,-45.951500,10.999004,0.802807,0.936999,0.232181
1022,17.033333,7.525045,-45.044270,11.045184,0.802858,0.937619,0.232356
1023,17.050000,6.904197,-43.914188,11.477188,0.803398,0.938380,0.234526
1024,17.066667,6.869396,-42.870216,11.917035,0.803712,0.938866,0.235661
1025,17.083333,7.309285,-41.636379,11.531549,0.803247,0.938738,0.235620
1026,17.100000,6.597831,-40.806671,11.779848,0.803236,0.939005,0.236784
1027,17.116667,7.162269,-39.402706,10.805903,0.801673,0.938377,0.235911
1028,17.133333,7.422253,-38.289448,10.789136,0.801286,0.938664,0.235949
1029,17.150000,6.959014,-36.899662,10.267485,0.800119,0.938561,0.236629
1030,17.166667,5.939278,-36.139301,11.223176,0.800421,0.939360,0.239091
1031,17.183333,5.926822,-35.412117,10.910275,0.798991,0.940358,0.239327
1032,17.200000,5.928339,-34.023983,10.925044,0.797860,0.940483,0.239080
1033,17.216667,5.513342,-33.042751,11.869422,0.797959,0.941091,0.240948
1034,17.233333,5.818304,-31.909937,12.109167,0.796559,0.941687,0.240729
1035,17.250000,5.787446,-30.888371,12.004882,0.795040,0.942228,0.240997
1036,17.266667,5.906174,-29.943136,11.673705,0.793380,0.941483,0.240584
1037,17.283333,6.026778,-29.067564,10.907288,0.790826,0.940879,0.239946
1038,17.300000,6.079566,-28.164824,10.426404,0.787785,0.941209,0.239628
1039,17.316667,5.631410,-27.097403,9.738769,0.785560,0.940295,0.240116
1040,17.333333,5.834228,-25.942345,10.063973,0.784005,0.940082,0.239879
1041,17.350000,5.102059,-25.165169,9.579076,0.780621,0.940077,0.239931
1042,17.366667,4.858618,-24.285213,10.024782,0.779190,0.938873,0.240760
1043,17.383333,4.600783,-23.539736,9.688519,0.776509,0.938211,0.240655
1044,17.400000,4.716720,-22.984194,8.175643,0.771441,0.937202,0.239568
1045,17.416667,4.363735,-21.667130,9.131164,0.770474,0.936278,0.239802
1046,17.433333,4.787266,-20.987473,8.701216,0.766769,0.935515,0.239078
1047,17.450000,4.926808,-19.925383,8.530921,0.763651,0.934897,0.238535
1048,17.466667,4.732687,-18.895626,7.248451,0.759169,0.934100,0.237860
1049,17.483333,4.466330,-17.926764,8.572640,0.757612,0.933659,0.238137
1050,17.500000,4.437654,-17.340027,7.038880,0.752197,0.932670,0.237624
1051,17.516667,4.941431,-16.400780,6.778076,0.748904,0.931528,0.235864
1052,17.533333,4.432502,-15.598510,6.149917,0.744569,0.931038,0.235848
1053,17.550000,4.276290,-14.785715,6.698519,0.742085,0.930099,0.235823
1054,17.566667,4.416961,-13.834289,6.109445,0.737502,0.929540,0.234815
1055,17.583333,4.622296,-13.110485,5.960510,0.733966,0.928827,0.234400
1056,17.600000,4.479118,-12.315198,5.539408,0.729446,0.929375,0.234346
1057,17.616667,5.006791,-11.631961,6.109748,0.727000,0.928841,0.233804
1058,17.633333,5.856967,-10.735065,5.052822,0.722138,0.928901,0.232046
1059,17.650000,6.052098,-9.874977,5.262846,0.718687,0.928517,0.231696
1060,17.666667,5.870007,-9.385178,5.230948,0.715291,0.928915,0.231998
1061,17.683333,6.176712,-8.426727,3.865246,0.709367,0.928487,0.231188
1062,17.700000,6.399481,-7.664285,3.524281,0.705949,0.927103,0.230510
1063,17.716667,5.719519,-6.845246,3.321331,0.702026,0.926638,0.231336
1064,17.733333,6.150002,-6.242039,4.060747,0.699439,0.925891,0.230971
1065,17.750000,5.427724,-5.645652,3.501218,0.695393,0.924816,0.231948
1066,17.766667,5.760409,-4.788676,3.440161,0.691507,0.923532,0.231497
1067,17.783333,6.311403,-4.053315,3.032348,0.687598,0.922246,0.231154
1068,17.800000,6.546173,-3.363609,3.300171,0.685015,0.920907,0.231431
1069,17.816667,6.894855,-2.624684,3.567054,0.681918,0.920017,0.231976
1070,17.833333,6.842788,-2.141342,2.112817,0.676800,0.919123,0.232397
1071,17.850000,7.048201,-1.140406,2.848063,0.675036,0.918687,0.232957
1072,17.866667,6.943912,-0.496107,2.257722,0.671454,0.918056,0.233761
1073,17.883333,7.006925,0.500238,2.582608,0.668870,0.917342,0.234675
1074,17.900000,6.962893,0.671038,1.773512,0.664952,0.916122,0.235515
1075,17.916667,6.439545,1.193229,1.215831,0.661332,0.915508,0.237405
1076,17.933333,6.376308,2.058038,1.847771,0.659767,0.914937,0.238664
1077,17.950000,6.198414,2.621850,1.691891,0.656605,0.914770,0.240232
1078,17.966667,5.942024,2.945224,2.264866,0.654723,0.914622,0.241998
1079,17.983333,6.416693,3.874029,1.491673,0.651186,0.913985,0.242738
1080,18.000000,6.399078,4.438620,1.952609,0.650013,0.913460,0.244014
1081,18.016667,5.741451,5.157466,2.184578,0.648118,0.913433,0.246439
1082,18.033333,5.406197,5.506938,1.623410,0.644894,0.913815,0.248608
1083,18.050000,5.097361,6.470657,2.734749,0.644912,0.914410,0.250130
1084,18.066667,5.349767,7.030271,1.516834,0.641522,0.914755,0.251760
1085,18.083333,5.090448,7.290401,2.251729,0.640989,0.915288,0.253983
1086,18.100000,5.037672,7.799787,1.264534,0.637652,0.916602,0.255883
1087,18.116667,5.223635,8.352201,1.278244,0.636235,0.917789,0.257389
1088,18.133333,5.101491,8.720442,1.768554,0.635707,0.919087,0.259332
1089,18.150000,5.109416,8.922626,0.723200,0.632635,0.920986,0.261552
1090,18.166667,5.533194,9.660568,1.160923,0.631810,0.923083,0.262909
1091,18.183333,5.448928,10.030740,1.597548,0.631167,0.925446,0.265173
1092,18.200000,5.349792,10.601374,1.960133,0.631105,0.927817,0.266983
1093,18.216667,5.026442,10.875871,1.646695,0.629409,0.930369,0.269316
1094,18.233333,4.915190,11.378135,1.451523,0.628389,0.932867,0.271392
1095,18.250000,4.968865,11.949083,1.837907,0.628068,0.935204,0.272895
1096,18.266667,4.327076,12.209587,2.049150,0.627286,0.937878,0.275669
1097,18.283333,3.810694,12.675027,3.575714,0.628537,0.940305,0.277426
1098,18.300000,4.018558,13.268280,2.852124,0.626565,0.941924,0.279224
1099,18.316667,4.646829,13.130643,0.837115,0.623054,0.942395,0.280840
1100,18.333333,3.998127,13.657494,2.834885,0.625351,0.943973,0.282842
1101,18.350000,4.178313,14.021719,2.531325,0.623927,0.945202,0.284657
1102,18.366667,3.865659,14.415116,2.356855,0.623221,0.945816,0.286883
1103,18.383333,3.884061,14.839009,2.982225,0.623675,0.945508,0.288399
1104,18.400000,4.044372,14.679703,2.461389,0.621823,0.945179,0.290286
1105,18.416667,3.839907,15.020896,2.073922,0.620820,0.944811,0.292294
1106,18.433333,4.093151,15.320237,2.695608,0.621319,0.945034,0.293395
1107,18.450000,4.047094,15.481230,2.862121,0.620942,0.945090,0.295429
1108,18.466667,4.048091,15.809438,2.600861,0.620361,0.945521,0.296805
1109,18.483333,4.206639,16.128729,3.109350,0.620544,0.945884,0.298125
1110,18.500000,4.653199,16.308737,3.516937,0.620817,0.946319,0.299393
1111,18.516667,4.290708,16.123787,3.023855,0.619492,0.947024,0.301834
1112,18.533333,4.863379,16.491783,2.914898,0.619290,0.947270,0.302623
1113,18.550000,5.702883,16.521032,2.172917,0.617436,0.948236,0.303823
1114,18.566667,5.785452,16.667528,2.570578,0.618317,0.948529,0.305245
1115,18.583333,5.932545,16.681137,1.675767,0.616721,0.949649,0.307396
1116,18.600000,6.084944,16.524584,0.938290,0.615183,0.951600,0.309345
1117,18.616667,6.472521,16.614395,1.072038,0.615239,0.952646,0.310485
1118,18.633333,6.798037,17.147697,1.684761,0.616408,0.953672,0.311880
1119,18.650000,6.240887,17.129856,1.264804,0.615422,0.955360,0.314867
1120,18.666667,6.367115,16.961695,0.883897,0.614772,0.956497,0.316743
1121,18.683333,6.846889,17.175392,0.751471,0.615169,0.957109,0.318150
1122,18.700000,7.051118,17.056892,0.426019,0.614853,0.958215,0.320612
1123,18.716667,7.073068,17.309280,-0.617996,0.614243,0.958167,0.323142
1124,18.733333,7.328583,17.400494,-0.501161,0.614871,0.959821,0.324925
1125,18.750000,7.889046,17.660784,0.471752,0.616823,0.961200,0.326211
1126,18.766667,7.398823,17.335478,0.048971,0.616941,0.961705,0.329627
1127,18.783333,7.466178,17.082731,-0.669860,0.617397,0.962520,0.332628
1128,18.800000,8.026326,17.724363,-0.644696,0.618688,0.962837,0.333931
1129,18.816667,7.139638,17.116915,-1.137493,0.618711,0.963199,0.338478
1130,18.833333,6.929392,17.500765,-0.559081,0.620621,0.963384,0.341166
1131,18.850000,7.111696,17.468891,-0.888551,0.621348,0.963820,0.343697
1132,18.866667,6.499789,17.577757,0.303185,0.624941,0.963468,0.346854
1133,18.883333,6.210515,17.254690,0.163810,0.625950,0.963853,0.349840
1134,18.900000,5.876525,17.534626,-0.346530,0.627532,0.963698,0.353475
1135,18.916667,5.888924,17.723335,-0.374924,0.628961,0.964099,0.356217
1136,18.933333,5.680072,17.393684,-0.054616,0.631820,0.964355,0.359216
1137,18.950000,5.099490,17.674894,-0.393202,0.633088,0.964642,0.363091
1138,18.966667,4.821458,17.422037,-0.231056,0.636225,0.965439,0.366258
1139,18.983333,4.710381,17.248116,-0.555956,0.637980,0.966531,0.369236
1140,19.000000,4.179548,17.563478,-0.464276,0.641049,0.967317,0.372533
1141,19.016667,4.227572,17.304186,-0.911951,0.643147,0.968685,0.375284
1142,19.033333,4.023814,17.433529,0.204337,0.647666,0.969976,0.377927
1143,19.050000,3.505194,17.042664,-1.096611,0.649232,0.971095,0.381799
1144,19.066667,3.782265,17.133503,0.096392,0.654315,0.972808,0.383871
1145,19.083333,3.628545,16.825102,-0.586646,0.656484,0.974372,0.386536
1146,19.100000,4.121786,17.215122,-0.370093,0.660763,0.975866,0.387899
1147,19.116667,3.205407,16.793615,-0.744066,0.663955,0.978266,0.391645
1148,19.133333,2.729205,16.632576,0.093908,0.669619,0.980054,0.394299
1149,19.150000,2.559725,16.386169,-0.948717,0.671883,0.981975,0.396356
1150,19.166667,2.584880,16.908501,-0.459168,0.677458,0.983937,0.397937
1151,19.183333,1.752756,16.462870,0.032372,0.681961,0.986380,0.400801
1152,19.200000,1.668680,16.233221,-0.184992,0.686129,0.988841,0.402579
1153,19.216667,1.567344,16.054001,-0.501739,0.690759,0.990773,0.404111
1154,19.233333,1.543847,15.944964,-1.034001,0.695045,0.993528,0.405575
1155,19.250000,1.813311,15.942554,-0.212649,0.701342,0.995597,0.406142
1156,19.266667,1.483188,15.329400,-0.293412,0.706617,0.998300,0.407766
1157,19.283333,1.244250,15.256493,-1.147460,0.710412,1.000404,0.409006
1158,19.300000,1.608046,15.327643,-0.264788,0.717885,1.002244,0.408510
1159,19.316667,1.316032,15.336053,-0.356221,0.722963,1.004549,0.409051
1160,19.333333,0.676556,15.003781,-0.413644,0.728885,1.006499,0.409992
1161,19.350000,0.253258,14.999524,0.636001,0.735847,1.008266,0.410047
1162,19.366667,-0.160626,14.739019,0.599151,0.741415,1.009823,0.410156
1163,19.383333,-0.317923,14.821671,1.096763,0.748425,1.011342,0.409870
1164,19.400000,-1.005044,14.592812,2.606565,0.756485,1.012942,0.409440
1165,19.416667,0.430775,14.532300,1.648818,0.760492,1.015343,0.407162
1166,19.433333,0.162571,14.535871,2.374353,0.768255,1.016135,0.406027
1167,19.450000,0.142624,14.500384,2.827557,0.775288,1.016846,0.404814
1168,19.466667,-0.712906,14.052287,2.890941,0.780686,1.018555,0.404478
1169,19.483333,-0.520655,14.042306,4.144036,0.789324,1.018880,0.401858
1170,19.500000,-0.694900,13.761210,3.967000,0.795067,1.020042,0.400411
1171,19.516667,-0.865083,13.944133,5.119470,0.802803,1.020358,0.397545
1172,19.533333,-1.003342,13.865982,5.975354,0.809258,1.021488,0.395321
1173,19.550000,-1.051076,13.433869,6.334976,0.815183,1.022300,0.392327
1174,19.566667,-0.938029,13.443699,7.063844,0.822090,1.022296,0.389160
1175,19.583333,-0.845148,13.433805,7.667797,0.828985,1.022312,0.386599
1176,19.600000,-0.455471,13.226811,6.943332,0.833497,1.022435,0.382813
1177,19.616667,0.099232,13.144280,7.674536,0.839014,1.023911,0.378726
1178,19.633333,-0.128342,12.973371,9.525794,0.847181,1.024487,0.375043
1179,19.650000,-0.685645,12.304895,8.955500,0.850801,1.025908,0.372356
1180,19.666667,-0.016723,12.718732,9.690306,0.856707,1.026100,0.366703
